trigger,brand_id,catalog_purity,matched_queries,newly_admitted,native_ndcg_mean,solr_ndcg_mean,false_positives,false_positive_rate,decision
% nike,3656,0.98,1,0,0,0,0,0,REJECT (no coverage)
& paykel,63742,0.8,1,0,0,0,0,0,REJECT (no coverage)
(thermos funtainer,7139,0.9523809523809523,1,0,0,0,0,0,REJECT (no coverage)
) umbra,1645,0.98,1,0,0,0,0,0,REJECT (no coverage)
- nu skin,71505,0.8181818181818182,1,0,0,0,0,0,REJECT (no coverage)
- space gray,3147,0.94,2,0,0,0,0,0,REJECT (no coverage)
2 airpod,15662,0.8333333333333334,1,0,0,0,0,0,REJECT (no coverage)
207 impact,844,0.9,1,0,0,0,0,0,REJECT (no coverage)
222 fifth adelaide,6957,1,1,0,0,0,0,0,REJECT (no coverage)
3-in-1 car seat,4308,0.8461538461538461,1,0,0,0,0,0,REJECT (no coverage)
32gb - space,3147,1,1,0,0,0,0,0,REJECT (no coverage)
35 running,3656,0.96,1,0,0,0,0,0,REJECT (no coverage)
35 running shoe,3656,1,1,0,0,0,0,0,REJECT (no coverage)
4 year home,3173,1,1,0,0,0,0,0,REJECT (no coverage)
40k space marine,9557,0.8,1,0,0,0,0,0,REJECT (no coverage)
47 brand,9696,0.92,1,1,0.6489315753318465,0.9547715182029446,0,0,PROMOTE
5.11 tactical,10329,0.96,1,0,0,0,0,0,REJECT (no coverage)
7 shoes,11798,0.9285714285714286,1,0,0,0,0,0,REJECT (no coverage)
7 year olds,25766,0.84,2,0,0,0,0,0,REJECT (no coverage)
7.5 narrow,12100,0.8,1,0,0,0,0,0,REJECT (no coverage)
7artisans 35mm,9455,1,1,1,1,1,0,0,PROMOTE
7x-45x simul-focal,17979,1,1,0,0,0,0,0,REJECT (no coverage)
a cable,5,0.92,1,0,0,0,0,0,REJECT (no coverage)
a gun,149007,0.8333333333333334,3,0,0,0,0,0,REJECT (no coverage)
a strip,2673,0.8461538461538461,1,0,0,0,0,0,REJECT (no coverage)
a strip display,2673,0.8181818181818182,1,0,0,0,0,0,REJECT (no coverage)
acqua di gio,13510,0.8787878787878788,1,0,0,0,0,0,REJECT (no coverage)
ad supported,3140,1,1,0,0,0,0,0,REJECT (no coverage)
aden anais,13911,0.98,1,0,0,0,0,0,REJECT (no coverage)
adidas baby,274,1,1,0,0,0,0,0,REJECT (no coverage)
adidas men's,274,0.96,1,0,0,0,0,0,REJECT (no coverage)
adidas men's essentials,274,1,1,0,0,0,0,0,REJECT (no coverage)
adidas women,274,0.88,2,0,0,0,0,0,REJECT (no coverage)
advocare spark,14581,0.8571428571428571,1,0,0,0,0,0,REJECT (no coverage)
age defender,64579,0.8181818181818182,1,0,0,0,0,0,REJECT (no coverage)
age perfect,78,0.8571428571428571,1,0,0,0,0,0,REJECT (no coverage)
air force 1,3656,1,3,0,0,0,0,0,REJECT (no coverage)
air jordan,3656,0.82,1,0,0,0,0,0,REJECT (no coverage)
air max,3656,1,2,0,0,0,0,0,REJECT (no coverage)
air zoom,3656,1,1,0,0,0,0,0,REJECT (no coverage)
air zoom pegasus,3656,1,1,0,0,0,0,0,REJECT (no coverage)
alex and,148,0.96,1,0,0,0,0,0,REJECT (no coverage)
all clad,16602,0.9,1,0,0,0,0,0,REJECT (no coverage)
all star low,8790,1,1,0,0,0,0,0,REJECT (no coverage)
always infinity,17244,1,1,0,0,0,0,0,REJECT (no coverage)
amazon basic,29016,1,1,0,0,0,0,0,REJECT (no coverage)
amelia bedelia,22433,0.9411764705882353,1,0,0,0,0,0,REJECT (no coverage)
an elephant,59221,0.8421052631578947,1,0,0,0,0,0,REJECT (no coverage)
an elephant and,59221,1,1,0,0,0,0,0,REJECT (no coverage)
and ani,148,0.98,1,0,0,0,0,0,REJECT (no coverage)
and curl mascara,95787,0.8,1,1,0.6718650345289592,0.7893432297007831,0,0,PROMOTE
and piggie,59221,0.8947368421052632,3,0,0,0,0,0,REJECT (no coverage)
and piggie book,59221,0.9444444444444444,1,0,0,0,0,0,REJECT (no coverage)
and stick wall,8041,0.98,1,0,0,0,0,0,REJECT (no coverage)
annie chun,18664,1,1,1,0.6199462085736674,0.7007249908422912,0,0,PROMOTE
apple ipad,3147,1,3,0,0,0,0,0,REJECT (no coverage)
apple ipad pro,3147,1,1,0,0,0,0,0,REJECT (no coverage)
apple iphone,3147,0.88,6,0,0,0,0,0,REJECT (no coverage)
apple iphone 11,3147,0.82,2,0,0,0,0,0,REJECT (no coverage)
apple iphone 7,3147,0.98,1,0,0,0,0,0,REJECT (no coverage)
armour mens,487,1,1,0,0,0,0,0,REJECT (no coverage)
armour short,487,1,2,0,0,0,0,0,REJECT (no coverage)
armour short sleeve,487,1,1,0,0,0,0,0,REJECT (no coverage)
armour women,487,1,1,0,0,0,0,0,REJECT (no coverage)
armour youth,487,1,1,0,0,0,0,0,REJECT (no coverage)
asics women,11798,0.98,1,0,0,0,0,0,REJECT (no coverage)
asrock -,12353,0.86,1,0,0,0,0,0,REJECT (no coverage)
asurion 4,3173,1,1,0,0,0,0,0,REJECT (no coverage)
asurion 4 year,3173,1,1,0,0,0,0,0,REJECT (no coverage)
asus - tuf,4720,0.94,1,0,0,0,0,0,REJECT (no coverage)
asus prime,4720,0.84,1,0,0,0,0,0,REJECT (no coverage)
audio technica,21659,0.98,1,0,0,0,0,0,REJECT (no coverage)
automatic coffee,86733,0.92,1,0,0,0,0,0,REJECT (no coverage)
automatic spray refill,15304,0.9285714285714286,1,0,0,0,0,0,REJECT (no coverage)
avent natural,7859,0.8292682926829268,1,0,0,0,0,0,REJECT (no coverage)
baby g,40401,0.8461538461538461,1,0,0,0,0,0,REJECT (no coverage)
baby halloween costumes,941,0.9285714285714286,1,0,0,0,0,0,REJECT (no coverage)
baby lips,7218,0.96,1,0,0,0,0,0,REJECT (no coverage)
badass beard,24490,1,1,1,0.800693766409882,0.6835381846158708,0,0,PROMOTE
balaclava women,94375,0.8,1,1,0,0,0,0,PROMOTE
balance mens,4196,1,1,0,0,0,0,0,REJECT (no coverage)
balance women,4196,1,1,0,0,0,0,0,REJECT (no coverage)
baleaf men's,2020,1,1,0,0,0,0,0,REJECT (no coverage)
ball animal,41867,0.8666666666666667,1,0,0,0,0,0,REJECT (no coverage)
band aid,10045,0.8,1,0,0,0,0,0,REJECT (no coverage)
barco one,25823,1,1,0,0,0,0,0,REJECT (no coverage)
bark dark chocolate,652,0.8,1,0,0,0,0,0,REJECT (no coverage)
barton watch,5490,1,1,0,0,0,0,0,REJECT (no coverage)
baseball cleats,3656,0.8125,1,0,0,0,0,0,REJECT (no coverage)
bath robes,14254,0.8,2,0,0,0,0,0,REJECT (no coverage)
bath robes for,14254,1,1,0,0,0,0,0,REJECT (no coverage)
bathroom faucet,4609,0.8,5,0,0,0,0,0,REJECT (no coverage)
beach stealth,62795,0.9166666666666666,1,0,0,0,0,0,REJECT (no coverage)
beauty without,150092,1,1,0,0,0,0,0,REJECT (no coverage)
bees baby,940,0.8,2,0,0,0,0,0,REJECT (no coverage)
best card,43340,0.8461538461538461,1,0,0,0,0,0,REJECT (no coverage)
bic soleil,10,1,1,0,0,0,0,0,REJECT (no coverage)
big student,24375,0.9310344827586207,1,0,0,0,0,0,REJECT (no coverage)
big student backpack,24375,0.9411764705882353,1,0,0,0,0,0,REJECT (no coverage)
bil jac,30708,1,1,0,0,0,0,0,REJECT (no coverage)
biotech brand,51332,1,1,1,0.7799082337019198,0.933745776545611,0,0,PROMOTE
birkenstock arizona,12100,1,2,0,0,0,0,0,REJECT (no coverage)
birkenstock women,12100,1,1,0,0,0,0,0,REJECT (no coverage)
black rifle,32499,0.9444444444444444,1,0,0,0,0,0,REJECT (no coverage)
blonde hair color,75,0.8387096774193549,1,0,0,0,0,0,REJECT (no coverage)
blonde purple toning,37525,0.8125,1,0,0,0,0,0,REJECT (no coverage)
blue majik,156923,0.8181818181818182,1,0,0,0,0,0,REJECT (no coverage)
blue stained,34033,0.8,1,0,0,0,0,0,REJECT (no coverage)
body shop,34781,1,1,0,0,0,0,0,REJECT (no coverage)
body works,21369,0.84,3,0,0,0,0,0,REJECT (no coverage)
body works aromatherapy,21369,0.84,1,0,0,0,0,0,REJECT (no coverage)
boot new,184979,0.9230769230769231,1,0,0,0,0,0,REJECT (no coverage)
boot new york,184979,1,1,0,0,0,0,0,REJECT (no coverage)
boots size 7,1742,0.8333333333333334,1,0,0,0,0,0,REJECT (no coverage)
boppy nursing,35769,1,1,0,0,0,0,0,REJECT (no coverage)
boppy nursing pillow,35769,1,1,0,0,0,0,0,REJECT (no coverage)
bose lifestyle,8105,1,1,0,0,0,0,0,REJECT (no coverage)
bounty paper,36051,0.8888888888888888,3,0,0,0,0,0,REJECT (no coverage)
bounty paper towels,36051,0.9333333333333333,2,0,0,0,0,0,REJECT (no coverage)
bowers wilkins,36098,0.9473684210526315,1,1,0.5637884576902256,1,0,0,PROMOTE
box spring set,97046,0.9166666666666666,1,0,0,0,0,0,REJECT (no coverage)
brain toys,18691,1,1,0,0,0,0,0,REJECT (no coverage)
breathable mesh crib,23931,0.8235294117647058,1,0,0,0,0,0,REJECT (no coverage)
breathablebaby classic,23931,1,1,0,0,0,0,0,REJECT (no coverage)
bridal shoes,32,0.8461538461538461,1,0,0,0,0,0,REJECT (no coverage)
bridge activities,128128,1,1,0,0,0,0,0,REJECT (no coverage)
brighton fashionista,37535,1,1,1,1,1,0,0,PROMOTE
brook design,14076,1,1,0,0,0,0,0,REJECT (no coverage)
brooks adrenaline,7469,1,1,0,0,0,0,0,REJECT (no coverage)
brooks ghost,7469,1,2,0,0,0,0,0,REJECT (no coverage)
brooks ghost 12,7469,1,1,0,0,0,0,0,REJECT (no coverage)
brooks glycerin,7469,1,1,0,0,0,0,0,REJECT (no coverage)
brooks launch,7469,1,1,0,0,0,0,0,REJECT (no coverage)
brooks launch 6,7469,1,1,0,0,0,0,0,REJECT (no coverage)
brooks women,7469,1,1,0,0,0,0,0,REJECT (no coverage)
bros series,2911,0.98,1,0,0,0,0,0,REJECT (no coverage)
buffalo david,32815,0.96,1,0,0,0,0,0,REJECT (no coverage)
burnside men's,39315,1,1,0,0,0,0,0,REJECT (no coverage)
by carlos,16598,1,1,0,0,0,0,0,REJECT (no coverage)
by nojo,15593,1,1,0,0,0,0,0,REJECT (no coverage)
by ugg,31725,0.98,1,0,0,0,0,0,REJECT (no coverage)
by ugg womens,31725,1,1,0,0,0,0,0,REJECT (no coverage)
bye blemish,165835,1,1,1,1,1,0,0,PROMOTE
byrd meadowlark,52830,0.9166666666666666,1,0,0,0,0,0,REJECT (no coverage)
byrd meadowlark 2,52830,0.9166666666666666,1,0,0,0,0,0,REJECT (no coverage)
cable matters usb,1494,1,1,0,0,0,0,0,REJECT (no coverage)
calcium without,10435,0.8571428571428571,2,1,0.4151577146114119,0.7318317512413369,0,0,PROMOTE
candle followers,41201,1,1,1,1,1,0,0,PROMOTE
caps kids,10986,0.9285714285714286,1,0,0,0,0,0,REJECT (no coverage)
capsule case,92286,0.9444444444444444,1,0,0,0,0,0,REJECT (no coverage)
car alarm system,61777,0.8571428571428571,1,1,0.6039094289265273,0.9134841129412019,0,0,PROMOTE
carbon 7th,5575,1,1,0,0,0,0,0,REJECT (no coverage)
carbon 7th gen,5575,1,1,0,0,0,0,0,REJECT (no coverage)
carpet manicure,116208,1,1,0,0,0,0,0,REJECT (no coverage)
casio men's,40401,1,1,0,0,0,0,0,REJECT (no coverage)
cat 6 cable,1494,0.9655172413793104,1,0,0,0,0,0,REJECT (no coverage)
cat chow,88984,0.8571428571428571,1,0,0,0,0,0,REJECT (no coverage)
catholic study,21251,0.9333333333333333,1,1,0.7799082337019198,1,0,0,PROMOTE
catholic study bible,21251,0.9333333333333333,1,1,0.7799082337019198,1,0,0,PROMOTE
cell d flashlight,6009,0.8571428571428571,1,0,0,0,0,0,REJECT (no coverage)
cereal keeper,2905,0.9230769230769231,1,0,0,0,0,0,REJECT (no coverage)
chainette tassel,134193,1,1,0,0,0,0,0,REJECT (no coverage)
champions tshirt,15286,1,1,0,0,0,0,0,REJECT (no coverage)
christopher knight,14024,0.88,1,0,0,0,0,0,REJECT (no coverage)
chuck taylor,8790,1,2,0,0,0,0,0,REJECT (no coverage)
chuck taylor all,8790,1,1,0,0,0,0,0,REJECT (no coverage)
chuckit pro,47586,1,1,1,0.5487973376826973,0.8871572324938345,0,0,PROMOTE
chums original,41979,0.9285714285714286,1,0,0,0,0,0,REJECT (no coverage)
city is,596,0.9,1,0,0,0,0,0,REJECT (no coverage)
clean lean,105170,0.8823529411764706,1,0,0,0,0,0,REJECT (no coverage)
clean lean protein,105170,1,1,0,0,0,0,0,REJECT (no coverage)
club chelsea,25766,0.918918918918919,1,0,0,0,0,0,REJECT (no coverage)
cole unlisted,9669,0.96,1,0,0,0,0,0,REJECT (no coverage)
colgate kids,19901,1,1,0,0,0,0,0,REJECT (no coverage)
color wonder,7031,0.9615384615384616,1,0,0,0,0,0,REJECT (no coverage)
columbia kids,4390,1,1,0,0,0,0,0,REJECT (no coverage)
columbia women's,4390,1,2,0,0,0,0,0,REJECT (no coverage)
columbia women's newton,4390,1,1,0,0,0,0,0,REJECT (no coverage)
comfort pants,3117,0.8,1,0,0,0,0,0,REJECT (no coverage)
command™ large,40046,1,1,0,0,0,0,0,REJECT (no coverage)
comp 2,29806,1,1,0,0,0,0,0,REJECT (no coverage)
conan the barbarian,1126,0.8181818181818182,1,1,0.727329844310522,0.933564588803294,0,0,PROMOTE
concentrace trace,49832,0.9090909090909091,1,1,0.4617285568034221,0.7385158985806739,0,0,PROMOTE
concentrace trace mineral,49832,0.9090909090909091,1,1,0.4617285568034221,0.7385158985806739,0,0,PROMOTE
converse unisex,8790,1,2,0,0,0,0,0,REJECT (no coverage)
converse unisex chuck,8790,1,1,0,0,0,0,0,REJECT (no coverage)
converse women,8790,1,1,0,0,0,0,0,REJECT (no coverage)
corsair vengeance,4675,1,1,0,0,0,0,0,REJECT (no coverage)
cotton loops,51884,0.8571428571428571,1,0,0,0,0,0,REJECT (no coverage)
country brook,14076,1,1,0,0,0,0,0,REJECT (no coverage)
crayola color,7031,0.9473684210526315,1,0,0,0,0,0,REJECT (no coverage)
crayola color wonder,7031,1,1,0,0,0,0,0,REJECT (no coverage)
crest 3d,2266,0.918918918918919,1,0,0,0,0,0,REJECT (no coverage)
crocs women,3664,1,1,0,0,0,0,0,REJECT (no coverage)
croix sparkling,89710,0.8,1,1,0,0.6235540477207573,1,1,REJECT (false-positive rate too high)
croix sparkling water,89710,0.8,1,1,0,0.6235540477207573,1,1,REJECT (false-positive rate too high)
cubre bocas,14100,0.9090909090909091,1,1,0.3667314583167897,0.25430127623392856,0,0,PROMOTE
custom fit orthotic,35721,1,1,0,0,0,0,0,REJECT (no coverage)
d con,54239,0.8,1,0,0,0,0,0,REJECT (no coverage)
d flashlight,6009,0.8571428571428571,1,0,0,0,0,0,REJECT (no coverage)
dark revival,29065,0.9,1,0,0,0,0,0,REJECT (no coverage)
david bitton,32815,0.96,1,0,0,0,0,0,REJECT (no coverage)
de 50,134916,0.9230769230769231,1,1,0.3126667288804499,0.9537125187088151,0,0,PROMOTE
debut 2.0,85699,1,1,0,0,0,0,0,REJECT (no coverage)
decker 40v,4220,0.8666666666666667,1,0,0,0,0,0,REJECT (no coverage)
defender series,9783,0.98,1,0,0,0,0,0,REJECT (no coverage)
deluxe nintendo,2911,0.8823529411764706,1,0,0,0,0,0,REJECT (no coverage)
deluxe nintendo switch,2911,0.8666666666666667,1,0,0,0,0,0,REJECT (no coverage)
design bobby,124929,1,1,1,0.3667314583167897,0.5600305932318571,0,0,PROMOTE
design martingale,58116,0.9166666666666666,1,0,0,0,0,0,REJECT (no coverage)
devotion plus,4199,1,1,0,0,0,0,0,REJECT (no coverage)
dewalt 20v,1515,0.98,1,0,0,0,0,0,REJECT (no coverage)
dewalt tool,1515,1,1,0,0,0,0,0,REJECT (no coverage)
di gio,13510,0.8611111111111112,1,0,0,0,0,0,REJECT (no coverage)
diamond cookware,29572,0.8888888888888888,1,0,0,0,0,0,REJECT (no coverage)
diamond select,18245,0.98,1,0,0,0,0,0,REJECT (no coverage)
dockers mens,3117,1,1,0,0,0,0,0,REJECT (no coverage)
dolce gabbana,54257,0.84,1,0,0,0,0,0,REJECT (no coverage)
doorbell 3,16444,0.8823529411764706,1,0,0,0,0,0,REJECT (no coverage)
doorbell 3 plus,16444,1,1,0,0,0,0,0,REJECT (no coverage)
double front,7521,0.88,1,0,0,0,0,0,REJECT (no coverage)
dove invisible,23546,0.9285714285714286,1,0,0,0,0,0,REJECT (no coverage)
dr brandt,59775,1,1,1,0.6782961487391511,0.7890540506597234,0,0,PROMOTE
dr brown,23482,1,1,0,0,0,0,0,REJECT (no coverage)
dr browns,23482,0.9090909090909091,1,1,0.25430127623392856,0.3372905462485835,0,0,PROMOTE
dr denese,77501,1,1,1,0.35895421017163465,0.7909506325094736,0,0,PROMOTE
dr hauschka,59799,1,1,0,0,0,0,0,REJECT (no coverage)
dr teal,26444,0.92,1,0,0,0,0,0,REJECT (no coverage)
dri fit,3656,0.9,3,0,0,0,0,0,REJECT (no coverage)
duratrax six,20624,1,1,0,0,0,0,0,REJECT (no coverage)
duratrax six pack,20624,1,1,0,0,0,0,0,REJECT (no coverage)
easel pad,9163,0.8,1,0,0,0,0,0,REJECT (no coverage)
ed levin,202467,1,1,0,0,0,0,0,REJECT (no coverage)
elac debut,85699,1,1,0,0,0,0,0,REJECT (no coverage)
elac debut 2.0,85699,1,1,0,0,0,0,0,REJECT (no coverage)
elephant and piggie,59221,0.8947368421052632,3,0,0,0,0,0,REJECT (no coverage)
elite trainer,257,0.9411764705882353,1,1,0.16872714292220853,0.41599630237747487,0,0,PROMOTE
elite trainer box,257,0.9411764705882353,1,1,0.16872714292220853,0.41599630237747487,0,0,PROMOTE
enzymedica digest,29184,1,1,0,0,0,0,0,REJECT (no coverage)
epic react,3656,1,1,0,0,0,0,0,REJECT (no coverage)
epic react flyknit,3656,1,1,0,0,0,0,0,REJECT (no coverage)
essentials 3-stripes,274,1,1,0,0,0,0,0,REJECT (no coverage)
essie nail,54753,1,1,0,0,0,0,0,REJECT (no coverage)
essie nail polish,54753,0.9777777777777777,1,0,0,0,0,0,REJECT (no coverage)
euro design,5391,0.972972972972973,1,0,0,0,0,0,REJECT (no coverage)
excellence book,26335,0.9230769230769231,1,0,0,0,0,0,REJECT (no coverage)
falken ziex,4205,1,1,0,0,0,0,0,REJECT (no coverage)
fancy feast,29418,0.8958333333333334,1,0,0,0,0,0,REJECT (no coverage)
fat brain,18691,1,2,0,0,0,0,0,REJECT (no coverage)
felt applique,41320,0.8205128205128205,1,0,0,0,0,0,REJECT (no coverage)
felt tip pens,,845,0.8125,1,0,0,0,0,0,REJECT (no coverage)
fender player,6894,1,1,0,0,0,0,0,REJECT (no coverage)
fender player stratocaster,6894,1,1,0,0,0,0,0,REJECT (no coverage)
fever tree,141824,0.8421052631578947,1,0,0,0,0,0,REJECT (no coverage)
fifth adelaide,6957,1,1,0,0,0,0,0,REJECT (no coverage)
fig bars,34147,0.95,1,0,0,0,0,0,REJECT (no coverage)
first hill,67088,0.9047619047619048,1,1,1,1,0,0,PROMOTE
fish flag,4390,0.8666666666666667,1,0,0,0,0,0,REJECT (no coverage)
fisher &,13720,0.8,1,0,0,0,0,0,REJECT (no coverage)
fisher price,13720,0.98,6,2,0.41863911616685623,0.5764604104052309,0,0,PROMOTE
fit 9,275,1,1,0,0,0,0,0,REJECT (no coverage)
fit designed,9781,0.98,1,0,0,0,0,0,REJECT (no coverage)
fit orthotic,35721,1,1,0,0,0,0,0,REJECT (no coverage)
fit orthotic inserts,35721,1,1,0,0,0,0,0,REJECT (no coverage)
flair felt,845,0.975609756097561,2,0,0,0,0,0,REJECT (no coverage)
flair felt tip,845,0.975609756097561,2,0,0,0,0,0,REJECT (no coverage)
flex rigby,7521,1,1,0,0,0,0,0,REJECT (no coverage)
flexikold gel,39066,0.9090909090909091,1,1,0.5182281048448001,0.5767758031063227,0,0,PROMOTE
flyknit 2,3656,1,1,0,0,0,0,0,REJECT (no coverage)
for christmas tree,15281,0.8,1,0,0,0,0,0,REJECT (no coverage)
for crocs,3664,1,1,0,0,0,0,0,REJECT (no coverage)
for men shampoo,27871,0.8888888888888888,1,0,0,0,0,0,REJECT (no coverage)
force 1,3656,1,3,0,0,0,0,0,REJECT (no coverage)
forces of destiny,405,0.9230769230769231,1,0,0,0,0,0,REJECT (no coverage)
forever stamps,17725,0.9473684210526315,1,0,0,0,0,0,REJECT (no coverage)
free olive,8783,0.9310344827586207,1,0,0,0,0,0,REJECT (no coverage)
free security,9892,0.8461538461538461,1,0,0,0,0,0,REJECT (no coverage)
free tea bags,44078,0.8181818181818182,1,0,0,0,0,0,REJECT (no coverage)
french lavender scented,52303,0.8918918918918919,1,0,0,0,0,0,REJECT (no coverage)
frye women,31718,1,1,0,0,0,0,0,REJECT (no coverage)
fujifilm instax,40702,0.94,2,0,0,0,0,0,REJECT (no coverage)
fujifilm instax mini,40702,0.94,1,0,0,0,0,0,REJECT (no coverage)
fully modular power,4675,0.8181818181818182,1,0,0,0,0,0,REJECT (no coverage)
fully unlocked,3147,0.8,1,0,0,0,0,0,REJECT (no coverage)
funny slippers,40806,0.8,1,0,0,0,0,0,REJECT (no coverage)
funny slippers for,40806,1,1,0,0,0,0,0,REJECT (no coverage)
gabor women,211,1,1,1,0.6489315753318465,0.6968404678259544,0,0,PROMOTE
gaiam kids,9040,1,1,0,0,0,0,0,REJECT (no coverage)
game drive for,2349,0.8571428571428571,1,0,0,0,0,0,REJECT (no coverage)
gel kayano,11798,1,1,0,0,0,0,0,REJECT (no coverage)
generation free,10719,0.9285714285714286,1,0,0,0,0,0,REJECT (no coverage)
generation free &,10719,0.9285714285714286,1,0,0,0,0,0,REJECT (no coverage)
generation laundry,10719,1,1,0,0,0,0,0,REJECT (no coverage)
ghost 12,7469,1,1,0,0,0,0,0,REJECT (no coverage)
gifts under $20,22345,0.9166666666666666,1,0,0,0,0,0,REJECT (no coverage)
gifts under 20,22345,0.9166666666666666,1,0,0,0,0,0,REJECT (no coverage)
glade automatic,15304,0.9142857142857143,1,0,0,0,0,0,REJECT (no coverage)
glade automatic spray,15304,0.9142857142857143,1,0,0,0,0,0,REJECT (no coverage)
gm original,1153,0.98,1,0,0,0,0,0,REJECT (no coverage)
gm original equipment,1153,0.98,1,0,0,0,0,0,REJECT (no coverage)
gnc women's,6017,0.9714285714285714,2,0,0,0,0,0,REJECT (no coverage)
gnc women's ultra,6017,0.9,1,0,0,0,0,0,REJECT (no coverage)
go pony,76979,0.8181818181818182,1,0,0,0,0,0,REJECT (no coverage)
go walk,6085,1,1,0,0,0,0,0,REJECT (no coverage)
gold lust,94887,1,1,0,0,0,0,0,REJECT (no coverage)
golden curry,15369,0.8333333333333334,1,0,0,0,0,0,REJECT (no coverage)
goodman 4,2617,1,1,0,0,0,0,0,REJECT (no coverage)
graphing calculator,46484,0.84,4,0,0,0,0,0,REJECT (no coverage)
greenway biotech,51332,0.9473684210526315,1,1,0.7799082337019198,0.933745776545611,0,0,PROMOTE
greenway biotech brand,51332,1,1,1,0.7799082337019198,0.933745776545611,0,0,PROMOTE
grey's anatomy,25823,0.94,1,0,0,0,0,0,REJECT (no coverage)
grip a strip,2673,0.8461538461538461,1,0,0,0,0,0,REJECT (no coverage)
haagen dazs,76650,0.8571428571428571,1,0,0,0,0,0,REJECT (no coverage)
hair laundry,59777,0.86,1,0,0,0,0,0,REJECT (no coverage)
hallmark christmas,425,0.88,1,0,0,0,0,0,REJECT (no coverage)
hallmark shoebox,425,1,1,0,0,0,0,0,REJECT (no coverage)
hallmark shoebox funny,425,1,1,0,0,0,0,0,REJECT (no coverage)
halo sleepsack,13177,1,1,0,0,0,0,0,REJECT (no coverage)
hand outswing,8494,1,1,0,0,0,0,0,REJECT (no coverage)
hanes women's,264,1,1,0,0,0,0,0,REJECT (no coverage)
hanes women's ultimate,3355,0.8333333333333334,1,0,0,0,0,0,REJECT (no coverage)
hanging strips,40046,0.92,1,0,0,0,0,0,REJECT (no coverage)
has a gun,149007,1,3,0,0,0,0,0,REJECT (no coverage)
have snacks,15088,0.8125,1,1,1,1,0,0,PROMOTE
hawaiian shirts for,11103,0.85,1,1,0,0,0,0,PROMOTE
hazel facial,130521,0.9,1,1,0.5079937796926363,0.6300426811446145,0,0,PROMOTE
hd 10 tablet,3140,0.88,1,0,0,0,0,0,REJECT (no coverage)
head and shoulders,78614,0.9629629629629629,1,0,0,0,0,0,REJECT (no coverage)
heathyoga yoga,30655,1,1,0,0,0,0,0,REJECT (no coverage)
heathyoga yoga pants,30655,1,1,0,0,0,0,0,REJECT (no coverage)
heidi heckelbeck,418,1,1,1,1,1,0,0,PROMOTE
helly hansen,20228,1,1,1,0,0.14829723057014907,1,1,REJECT (false-positive rate too high)
henry girls,25531,1,1,0,0,0,0,0,REJECT (no coverage)
hermes terre,52876,0.9,1,1,1,1,0,0,PROMOTE
high boots size,1742,1,1,0,0,0,0,0,REJECT (no coverage)
home comforter,2143,0.875,1,0,0,0,0,0,REJECT (no coverage)
home improvement protection,3173,1,1,0,0,0,0,0,REJECT (no coverage)
honey can,2676,0.94,1,0,0,0,0,0,REJECT (no coverage)
honey can do,2676,0.96,1,0,0,0,0,0,REJECT (no coverage)
hot dots,13496,1,1,1,0.8369256770986023,0.929640810185802,0,0,PROMOTE
hot wheels premium,21596,0.9090909090909091,1,0,0,0,0,0,REJECT (no coverage)
hp instant,3171,1,1,0,0,0,0,0,REJECT (no coverage)
hp instant ink,3171,1,1,0,0,0,0,0,REJECT (no coverage)
hp printer,37532,0.8709677419354839,1,0,0,0,0,0,REJECT (no coverage)
hunter fan,328,0.92,1,0,0,0,0,0,REJECT (no coverage)
hunter fan 52,328,0.9166666666666666,1,0,0,0,0,0,REJECT (no coverage)
hydro boost,13059,1,1,0,0,0,0,0,REJECT (no coverage)
hydroshot portable,2353,0.8,1,1,0.6410457898283652,0.841492960259019,0,0,PROMOTE
hydroshot portable power,2353,0.8,1,1,0.6410457898283652,0.841492960259019,0,0,PROMOTE
hygger aquarium,2785,1,1,0,0,0,0,0,REJECT (no coverage)
ice maiden,4390,1,1,0,0,0,0,0,REJECT (no coverage)
ice maiden ii,4390,1,1,0,0,0,0,0,REJECT (no coverage)
ignatius catholic,21251,1,1,1,0.7799082337019198,1,0,0,PROMOTE
ignatius catholic study,21251,1,1,1,0.7799082337019198,1,0,0,PROMOTE
ignitor ii,14120,1,1,1,0.9477344873475498,0.9432379215722527,0,0,PROMOTE
improvement protection,3173,1,1,0,0,0,0,0,REJECT (no coverage)
improvement protection plan,3173,1,1,0,0,0,0,0,REJECT (no coverage)
in 4k,1880,0.8571428571428571,1,1,0.1884441521277154,0.48649183542828267,0,0,PROMOTE
inkjoy gel,845,0.9655172413793104,1,0,0,0,0,0,REJECT (no coverage)
inkjoy gel pens,845,1,1,0,0,0,0,0,REJECT (no coverage)
inogen one,83388,0.9166666666666666,1,0,0,0,0,0,REJECT (no coverage)
inogen one g3,83388,0.9090909090909091,1,0,0,0,0,0,REJECT (no coverage)
instant ink,3171,1,1,0,0,0,0,0,REJECT (no coverage)
instax mini,40702,0.92,1,0,0,0,0,0,REJECT (no coverage)
inverter rv,6668,1,1,0,0,0,0,0,REJECT (no coverage)
ironck bookshelf,19733,1,1,0,0,0,0,0,REJECT (no coverage)
isee hair,3642,1,1,0,0,0,0,0,REJECT (no coverage)
it notes,9163,0.9285714285714286,3,0,0,0,0,0,REJECT (no coverage)
j brand,85281,1,1,0,0,0,0,0,REJECT (no coverage)
jansport big,24375,1,1,0,0,0,0,0,REJECT (no coverage)
jansport big student,24375,1,1,0,0,0,0,0,REJECT (no coverage)
johnson level,8366,1,1,0,0,0,0,0,REJECT (no coverage)
jordan 1,3656,0.82,1,0,0,0,0,0,REJECT (no coverage)
joystar 12,4300,1,1,0,0,0,0,0,REJECT (no coverage)
joystar 12 inch,4300,1,1,0,0,0,0,0,REJECT (no coverage)
juliette has,149007,1,2,0,0,0,0,0,REJECT (no coverage)
juliette has a,149007,1,2,0,0,0,0,0,REJECT (no coverage)
jym pre,72128,1,1,1,0.4920062203073636,0.24618570546556082,0,0,PROMOTE
jym pre workout,72128,1,1,1,0.4920062203073636,0.24618570546556082,0,0,PROMOTE
kanken backpack,24283,0.8,1,0,0,0,0,0,REJECT (no coverage)
kate spade,4119,0.96,4,0,0,0,0,0,REJECT (no coverage)
kawa slide,3656,1,1,0,0,0,0,0,REJECT (no coverage)
kay eyeliner,96608,0.9444444444444444,1,0,0,0,0,0,REJECT (no coverage)
kenneth cole unlisted,9669,0.96,1,0,0,0,0,0,REJECT (no coverage)
keto bark,652,1,2,0,0,0,0,0,REJECT (no coverage)
khakis women,17082,1,1,1,0.4361533373077281,0.8675241956752285,0,0,PROMOTE
kickee pants,23043,0.9523809523809523,1,1,0.727329844310522,0.6621137423456801,0,0,PROMOTE
kids zone,26776,0.8333333333333334,1,0,0,0,0,0,REJECT (no coverage)
kirkland signature stretch-tite,654,0.9090909090909091,1,0,0,0,0,0,REJECT (no coverage)
kitchenaid professional,6309,1,1,0,0,0,0,0,REJECT (no coverage)
knit interfacing,68368,0.8,1,1,0.92663607790064,1,0,0,PROMOTE
knot promise,3741,0.8,1,0,0,0,0,0,REJECT (no coverage)
kohler bathroom,1052,1,1,0,0,0,0,0,REJECT (no coverage)
koolaburra by,31725,1,1,0,0,0,0,0,REJECT (no coverage)
la croix sparkling,89710,0.8,1,1,0,0.6235540477207573,1,1,REJECT (false-positive rate too high)
la roche,17141,1,1,1,0.2605834823075072,0.803332608803466,0,0,PROMOTE
la roche posay,17141,1,1,1,0.2605834823075072,0.803332608803466,0,0,PROMOTE
lag screws 3/8,139,1,1,0,0,0,0,0,REJECT (no coverage)
lapse camera,142671,0.9090909090909091,1,0,0,0,0,0,REJECT (no coverage)
launch 6,7469,1,1,0,0,0,0,0,REJECT (no coverage)
lauren men,3352,0.9,2,0,0,0,0,0,REJECT (no coverage)
leather paint,18190,0.9166666666666666,1,0,0,0,0,0,REJECT (no coverage)
lego creator,14540,1,1,0,0,0,0,0,REJECT (no coverage)
lego elves,14540,1,1,0,0,0,0,0,REJECT (no coverage)
lego minifigures,14540,1,1,0,0,0,0,0,REJECT (no coverage)
lego star,14540,0.9,2,0,0,0,0,0,REJECT (no coverage)
lego star wars,14540,0.9,2,0,0,0,0,0,REJECT (no coverage)
lego technic,14540,0.96,1,0,0,0,0,0,REJECT (no coverage)
lenovo legion,5575,0.94,1,0,0,0,0,0,REJECT (no coverage)
leopard pullover,9997,0.8,1,0,0,0,0,0,REJECT (no coverage)
leupold mark,90706,1,1,0,0,0,0,0,REJECT (no coverage)
levin jewelry,202467,1,1,0,0,0,0,0,REJECT (no coverage)
lg oled,1880,0.9285714285714286,1,0,0,0,0,0,REJECT (no coverage)
lite men's,183254,1,1,0,0,0,0,0,REJECT (no coverage)
little live,68571,0.82,1,0,0,0,0,0,REJECT (no coverage)
little love by,15593,1,1,0,0,0,0,0,REJECT (no coverage)
little people,13720,0.86,1,1,0.6489315753318465,0.6325414799409711,0,0,PROMOTE
little swimmers,23868,0.8888888888888888,1,0,0,0,0,0,REJECT (no coverage)
live pets,68571,0.8936170212765957,1,0,0,0,0,0,REJECT (no coverage)
lodge cast,4342,0.8571428571428571,1,0,0,0,0,0,REJECT (no coverage)
lodge cast iron,4342,0.8571428571428571,1,0,0,0,0,0,REJECT (no coverage)
logitech wireless,5964,0.8095238095238095,2,0,0,0,0,0,REJECT (no coverage)
lol surprise omg,16683,1,1,1,0.22009176629808014,0.45374257454118544,0,0,PROMOTE
lone peak,17139,1,1,0,0,0,0,0,REJECT (no coverage)
lone peak 4,17139,1,1,0,0,0,0,0,REJECT (no coverage)
long sleeve tee,264,0.86,1,0,0,0,0,0,REJECT (no coverage)
loom boy,262,1,1,0,0,0,0,0,REJECT (no coverage)
loom boys,262,1,1,0,0,0,0,0,REJECT (no coverage)
loom women's,262,1,1,0,0,0,0,0,REJECT (no coverage)
loose fit,7521,0.98,2,0,0,0,0,0,REJECT (no coverage)
love by nojo,15593,1,1,0,0,0,0,0,REJECT (no coverage)
ludlow slip,31718,1,1,1,1,1,0,0,PROMOTE
ludlow slip on,31718,1,1,1,1,1,0,0,PROMOTE
luggage with spinner,1585,0.8,2,0,0,0,0,0,REJECT (no coverage)
m audio,94978,0.8181818181818182,1,0,0,0,0,0,REJECT (no coverage)
madden nfl 20,19083,0.85,1,0,0,0,0,0,REJECT (no coverage)
magna 2,1580,1,1,0,0,0,0,0,REJECT (no coverage)
magnum nutraceuticals,82342,0.9285714285714286,1,1,1,1,0,0,PROMOTE
maiden ii,4390,1,1,0,0,0,0,0,REJECT (no coverage)
mane choice,96113,1,1,1,0.19930623359011798,0.914856882358379,0,0,PROMOTE
marvel select,18245,0.9259259259259259,1,0,0,0,0,0,REJECT (no coverage)
mary kay eyeliner,96608,0.9444444444444444,1,0,0,0,0,0,REJECT (no coverage)
mate flair,845,0.9523809523809523,2,0,0,0,0,0,REJECT (no coverage)
mate flair felt,845,0.975,2,0,0,0,0,0,REJECT (no coverage)
matters usb,1494,1,1,0,0,0,0,0,REJECT (no coverage)
meadowlark 2,52830,0.8461538461538461,1,0,0,0,0,0,REJECT (no coverage)
men shampoo,27871,0.8888888888888888,1,0,0,0,0,0,REJECT (no coverage)
men's essentials 3-stripes,274,1,1,0,0,0,0,0,REJECT (no coverage)
men's rompers,8870,1,1,0,0,0,0,0,REJECT (no coverage)
mens basketball shoes,3656,0.8636363636363636,1,0,0,0,0,0,REJECT (no coverage)
mesh crib liner,23931,0.8,1,0,0,0,0,0,REJECT (no coverage)
microwavable french,52303,0.8918918918918919,1,0,0,0,0,0,REJECT (no coverage)
microwavable french lavender,52303,0.8918918918918919,1,0,0,0,0,0,REJECT (no coverage)
mini gt2,23370,1,1,0,0,0,0,0,REJECT (no coverage)
mini naturals,58976,0.9444444444444444,1,1,0.22009176629808014,0.5423640154200348,0,0,PROMOTE
miss jones,100329,0.9285714285714286,1,0,0,0,0,0,REJECT (no coverage)
miulee decorative,1683,1,1,0,0,0,0,0,REJECT (no coverage)
monkfruit sweetener,46814,0.8666666666666667,1,1,0,0.3125291152215463,1,1,REJECT (false-positive rate too high)
mont blanc,18197,0.8333333333333334,1,0,0,0,0,0,REJECT (no coverage)
morejstu must,15088,0.9285714285714286,1,1,1,1,0,0,PROMOTE
morejstu must have,15088,0.9285714285714286,1,1,1,1,0,0,PROMOTE
mount it,3172,0.98,1,0,0,0,0,0,REJECT (no coverage)
mountain khakis women,17082,1,1,1,0.4361533373077281,0.8675241956752285,0,0,PROMOTE
mr clean,9543,0.84,1,0,0,0,0,0,REJECT (no coverage)
mr coffee,9185,0.86,1,0,0,0,0,0,REJECT (no coverage)
mr crappie,26315,0.8,1,0,0,0,0,0,REJECT (no coverage)
mrs. meyers,48760,0.8666666666666667,1,0,0,0,0,0,REJECT (no coverage)
msi aegis,1882,1,1,0,0,0,0,0,REJECT (no coverage)
museum classic,30136,1,1,0,0,0,0,0,REJECT (no coverage)
must have snacks,15088,0.8125,1,1,1,1,0,0,PROMOTE
my passport,2039,0.84,1,0,0,0,0,0,REJECT (no coverage)
mystery dungeon,2911,0.8571428571428571,2,0,0,0,0,0,REJECT (no coverage)
n wild,37762,0.82,1,0,0,0,0,0,REJECT (no coverage)
native deodorant,55945,0.875,1,1,0.23198135741909093,0.2134190485129175,0,0,PROMOTE
neewer camera,3892,1,1,0,0,0,0,0,REJECT (no coverage)
netgear wifi,2824,1,1,0,0,0,0,0,REJECT (no coverage)
neutrogena hydro,13059,1,1,0,0,0,0,0,REJECT (no coverage)
neutrogena hydro boost,13059,1,1,0,0,0,0,0,REJECT (no coverage)
new balance mens,4196,1,1,0,0,0,0,0,REJECT (no coverage)
new balance women,4196,1,1,0,0,0,0,0,REJECT (no coverage)
newton ridge,4390,1,1,0,0,0,0,0,REJECT (no coverage)
newton ridge plus,4390,1,1,0,0,0,0,0,REJECT (no coverage)
nfl 20,19083,0.85,1,0,0,0,0,0,REJECT (no coverage)
nicetown thermal,3315,1,1,0,0,0,0,0,REJECT (no coverage)
nicetown thermal insulated,3315,1,1,0,0,0,0,0,REJECT (no coverage)
nike air,3656,1,3,0,0,0,0,0,REJECT (no coverage)
nike air force,3656,1,2,0,0,0,0,0,REJECT (no coverage)
nike air max,3656,1,1,0,0,0,0,0,REJECT (no coverage)
nike epic,3656,1,1,0,0,0,0,0,REJECT (no coverage)
nike epic react,3656,1,1,0,0,0,0,0,REJECT (no coverage)
nike kids,3656,1,1,0,0,0,0,0,REJECT (no coverage)
nike mens,3656,1,1,0,0,0,0,0,REJECT (no coverage)
nike sb,3656,1,1,0,0,0,0,0,REJECT (no coverage)
nike sportswear,3656,1,1,0,0,0,0,0,REJECT (no coverage)
nike sunray,3656,0.9333333333333333,1,0,0,0,0,0,REJECT (no coverage)
nike sunray adjust,3656,0.9285714285714286,1,0,0,0,0,0,REJECT (no coverage)
nike women,3656,1,1,0,0,0,0,0,REJECT (no coverage)
nike womens,3656,1,2,0,0,0,0,0,REJECT (no coverage)
nike womens w,3656,1,1,0,0,0,0,0,REJECT (no coverage)
nitto nt421q,104279,1,1,1,1,1,0,0,PROMOTE
north face,5695,1,7,2,0.5248010467162383,0.3433575915491295,0,0,PROMOTE
norton 360,104691,0.9333333333333333,1,1,0.5487973376826973,0.7419673643177533,0,0,PROMOTE
not fitting,5366,1,1,0,0,0,0,0,REJECT (no coverage)
not plus,9783,0.96,3,0,0,0,0,0,REJECT (no coverage)
nourison passion,3897,1,1,0,0,0,0,0,REJECT (no coverage)
npt bottom mount,83064,0.8235294117647058,1,0,0,0,0,0,REJECT (no coverage)
nugo dark,66531,0.9166666666666666,1,0,0,0,0,0,REJECT (no coverage)
o gauge,18990,0.8888888888888888,1,0,0,0,0,0,REJECT (no coverage)
of excellence book,26335,0.9230769230769231,1,0,0,0,0,0,REJECT (no coverage)
of marley,81153,1,1,0,0,0,0,0,REJECT (no coverage)
of the loom,262,1,3,0,0,0,0,0,REJECT (no coverage)
of tri-state,4460,1,1,0,0,0,0,0,REJECT (no coverage)
old spice deodorant,38838,1,1,0,0,0,0,0,REJECT (no coverage)
oled tv,1880,0.96,3,1,0,0,0,0,PROMOTE
one g3,83388,0.9090909090909091,1,0,0,0,0,0,REJECT (no coverage)
one x 1tb,4957,0.8,1,0,0,0,0,0,REJECT (no coverage)
oofos women,105527,1,1,0,0,0,0,0,REJECT (no coverage)
operation game,20870,0.8,1,0,0,0,0,0,REJECT (no coverage)
oral b,36986,0.8,3,0,0,0,0,0,REJECT (no coverage)
orgain organic,48127,0.9705882352941176,1,0,0,0,0,0,REJECT (no coverage)
ornaments for christmas,15281,0.9,1,0,0,0,0,0,REJECT (no coverage)
otterbox defender,9783,0.98,1,0,0,0,0,0,REJECT (no coverage)
otterbox symmetry,9783,1,2,0,0,0,0,0,REJECT (no coverage)
oz ultraleggera,107224,0.9,1,1,0.9363792118010483,1,0,0,PROMOTE
pad mats,11834,1,1,0,0,0,0,0,REJECT (no coverage)
pads without wings,17244,0.9333333333333333,3,0,0,0,0,0,REJECT (no coverage)
pampers aqua,23870,0.9090909090909091,1,0,0,0,0,0,REJECT (no coverage)
pampers aqua pure,23870,0.9090909090909091,1,0,0,0,0,0,REJECT (no coverage)
pampers swaddlers,23870,0.9,3,0,0,0,0,0,REJECT (no coverage)
paper mate flair,845,0.9523809523809523,2,0,0,0,0,0,REJECT (no coverage)
peak 4,17139,0.9583333333333334,1,0,0,0,0,0,REJECT (no coverage)
pegasus 35,3656,1,1,0,0,0,0,0,REJECT (no coverage)
pegasus 35 running,3656,1,1,0,0,0,0,0,REJECT (no coverage)
pegasus 36,3656,1,1,0,0,0,0,0,REJECT (no coverage)
pentair pentek,108904,1,1,0,0,0,0,0,REJECT (no coverage)
pentel energel,829,0.98,1,0,0,0,0,0,REJECT (no coverage)
pepcid ac,65717,0.8,1,1,0.6500332220485789,0.8454256604216017,0,0,PROMOTE
peppercorn grinder,,24448,1,1,0,0,0,0,0,REJECT (no coverage)
perfect 10,75,0.8461538461538461,1,0,0,0,0,0,REJECT (no coverage)
perfect blonde,37525,0.9130434782608695,2,0,0,0,0,0,REJECT (no coverage)
perfect blonde purple,37525,0.8666666666666667,1,0,0,0,0,0,REJECT (no coverage)
permanent markers,32567,0.84,1,0,0,0,0,0,REJECT (no coverage)
permanent markers fine,32567,0.8421052631578947,1,0,0,0,0,0,REJECT (no coverage)
phillips hue,74862,0.9285714285714286,1,0,0,0,0,0,REJECT (no coverage)
phone screen protector,12784,0.9,1,0,0,0,0,0,REJECT (no coverage)
piano adventures,102401,0.8666666666666667,1,0,0,0,0,0,REJECT (no coverage)
piece maxi dress,6230,0.8,1,0,0,0,0,0,REJECT (no coverage)
piggie book,59221,0.9444444444444444,1,0,0,0,0,0,REJECT (no coverage)
pilot g2,843,0.98,2,0,0,0,0,0,REJECT (no coverage)
pink jeans,129687,0.9230769230769231,1,0,0,0,0,0,REJECT (no coverage)
play doh,27210,0.92,1,0,0,0,0,0,REJECT (no coverage)
player stratocaster,6894,1,1,0,0,0,0,0,REJECT (no coverage)
pleated top,6209,0.8260869565217391,1,0,0,0,0,0,REJECT (no coverage)
plus graphing,46484,1,1,0,0,0,0,0,REJECT (no coverage)
plus graphing calculator,46484,1,1,0,0,0,0,0,REJECT (no coverage)
plus waterproof,4390,0.84,1,0,0,0,0,0,REJECT (no coverage)
plus waterproof hiking,4390,1,1,0,0,0,0,0,REJECT (no coverage)
polo ralph,3352,0.96,2,0,0,0,0,0,REJECT (no coverage)
porter cable,5805,0.98,3,3,0.24483488406725742,0.4174434965229576,0,0,PROMOTE
possini euro,5391,1,1,0,0,0,0,0,REJECT (no coverage)
post it,9163,0.92,3,0,0,0,0,0,REJECT (no coverage)
post it notes,9163,0.9285714285714286,3,0,0,0,0,0,REJECT (no coverage)
powerstep protech,24915,0.9444444444444444,1,0,0,0,0,0,REJECT (no coverage)
pravana the,37525,0.9230769230769231,1,0,0,0,0,0,REJECT (no coverage)
pravana the perfect,37525,0.9230769230769231,1,0,0,0,0,0,REJECT (no coverage)
premier colored,81448,0.8620689655172413,1,0,0,0,0,0,REJECT (no coverage)
premier colored pencils,81448,0.84,1,0,0,0,0,0,REJECT (no coverage)
prismacolor premier,81448,0.9361702127659575,1,0,0,0,0,0,REJECT (no coverage)
prismacolor premier colored,81448,1,1,0,0,0,0,0,REJECT (no coverage)
pro plan,14290,0.84,1,0,0,0,0,0,REJECT (no coverage)
pro trek,40401,1,1,0,0,0,0,0,REJECT (no coverage)
project rock,487,0.8888888888888888,1,0,0,0,0,0,REJECT (no coverage)
protandim nrf2,113864,0.8181818181818182,1,1,0.6189610486769023,0.7884407279677962,0,0,PROMOTE
protection plan,3173,0.96,1,0,0,0,0,0,REJECT (no coverage)
pulse tail,68203,1,1,1,1,0.9363792118010483,0,0,PROMOTE
pure seduction,8473,1,1,0,0,0,0,0,REJECT (no coverage)
purina cat,88984,0.8571428571428571,1,0,0,0,0,0,REJECT (no coverage)
purina pro,14290,0.88,1,0,0,0,0,0,REJECT (no coverage)
q posket,18393,0.8928571428571429,1,0,0,0,0,0,REJECT (no coverage)
quartet magnetic,7552,1,1,0,0,0,0,0,REJECT (no coverage)
rack green,22876,0.9090909090909091,1,0,0,0,0,0,REJECT (no coverage)
ralph lauren men,3352,0.9,2,0,0,0,0,0,REJECT (no coverage)
raven lte,92286,1,1,0,0,0,0,0,REJECT (no coverage)
ray ban,22351,1,2,0,0,0,0,0,REJECT (no coverage)
ray tracing,1882,0.8461538461538461,1,1,0.5309999066793252,0.41153259956303256,0,0,PROMOTE
razor slim,5970,0.8571428571428571,1,0,0,0,0,0,REJECT (no coverage)
react flyknit,3656,1,1,0,0,0,0,0,REJECT (no coverage)
react flyknit 2,3656,1,1,0,0,0,0,0,REJECT (no coverage)
red carpet manicure,116208,1,1,0,0,0,0,0,REJECT (no coverage)
repair lipidium,78,0.8,1,1,0.640469595039523,0.7065674066041719,0,0,PROMOTE
reverse weave,2574,1,1,0,0,0,0,0,REJECT (no coverage)
ridge plus,4390,1,1,0,0,0,0,0,REJECT (no coverage)
ridge plus waterproof,4390,1,1,0,0,0,0,0,REJECT (no coverage)
right hand outswing,8494,1,1,0,0,0,0,0,REJECT (no coverage)
ring video,16444,0.84,2,0,0,0,0,0,REJECT (no coverage)
ring video doorbell,16444,0.84,2,0,0,0,0,0,REJECT (no coverage)
roche posay,17141,1,2,1,0.2605834823075072,0.803332608803466,0,0,PROMOTE
rodan & fields,117760,0.8421052631578947,1,0,0,0,0,0,REJECT (no coverage)
rodan fields,117760,0.8421052631578947,1,1,0.22009176629808014,0.22009176629808014,0,0,PROMOTE
rog strix,4720,0.84,3,1,0.24926098697416302,0.24926098697416302,0,0,PROMOTE
rubbermaid fasttrack,2905,0.95,1,0,0,0,0,0,REJECT (no coverage)
rug 5x7,4316,0.8,1,1,0,0,0,0,PROMOTE
rugged flex,7521,1,1,0,0,0,0,0,REJECT (no coverage)
rugged flex rigby,7521,1,1,0,0,0,0,0,REJECT (no coverage)
ruled paper 200,2036,1,1,0,0,0,0,0,REJECT (no coverage)
rvca men's,26038,1,1,0,0,0,0,0,REJECT (no coverage)
rvca mens,26038,1,1,0,0,0,0,0,REJECT (no coverage)
ryka women's,4199,1,1,0,0,0,0,0,REJECT (no coverage)
ryka women's devotion,4199,1,1,0,0,0,0,0,REJECT (no coverage)
samsung 128gb,320,1,1,0,0,0,0,0,REJECT (no coverage)
samsung galaxy tab,2345,0.82,2,0,0,0,0,0,REJECT (no coverage)
sandals size 7,1742,0.90625,1,0,0,0,0,0,REJECT (no coverage)
sandals size 9,1742,0.8846153846153846,1,0,0,0,0,0,REJECT (no coverage)
screws 3/8,139,0.9230769230769231,1,0,0,0,0,0,REJECT (no coverage)
scrub sets,14254,1,1,0,0,0,0,0,REJECT (no coverage)
seagate game,2349,0.9285714285714286,1,0,0,0,0,0,REJECT (no coverage)
seagate game drive,2349,0.9285714285714286,1,0,0,0,0,0,REJECT (no coverage)
seamless paper,45470,1,1,0,0,0,0,0,REJECT (no coverage)
secret bombshell,8473,1,1,0,0,0,0,0,REJECT (no coverage)
secret love spell,8473,1,1,0,0,0,0,0,REJECT (no coverage)
secret rapture,8473,0.9230769230769231,1,0,0,0,0,0,REJECT (no coverage)
seventh generation laundry,10719,1,1,0,0,0,0,0,REJECT (no coverage)
sf af1,3656,1,1,1,0,0.2532954041105318,1,1,REJECT (false-positive rate too high)
shirts multipack,266,1,1,0,0,0,0,0,REJECT (no coverage)
shoebox funny,425,1,1,0,0,0,0,0,REJECT (no coverage)
shoes womens,18535,0.96,2,0,0,0,0,0,REJECT (no coverage)
short n,161615,0.9,1,0,0,0,0,0,REJECT (no coverage)
signature stretch-tite,654,0.9090909090909091,1,0,0,0,0,0,REJECT (no coverage)
sims 4,19083,1,1,0,0,0,0,0,REJECT (no coverage)
size women,273,0.9,4,1,0,0,0,0,PROMOTE
sk ii,177660,0.8888888888888888,1,1,1,1,0,0,PROMOTE
skechers women,6085,1,1,0,0,0,0,0,REJECT (no coverage)
skullcandy jib,20580,1,1,0,0,0,0,0,REJECT (no coverage)
sleeve onesies,928,0.98,1,0,0,0,0,0,REJECT (no coverage)
sleeve snap button,38053,0.8823529411764706,1,0,0,0,0,0,REJECT (no coverage)
slim bootcut jeans,17557,0.8,1,0,0,0,0,0,REJECT (no coverage)
slim christmas,5620,0.9444444444444444,1,0,0,0,0,0,REJECT (no coverage)
slim christmas tree,5620,0.9444444444444444,1,0,0,0,0,0,REJECT (no coverage)
slip resistant steel,6086,1,1,0,0,0,0,0,REJECT (no coverage)
small duffel bag,274,0.8076923076923077,1,0,0,0,0,0,REJECT (no coverage)
small mens,136988,0.8,1,0,0,0,0,0,REJECT (no coverage)
smart oven,13277,0.8214285714285714,1,0,0,0,0,0,REJECT (no coverage)
smart pixelator,199085,0.9166666666666666,1,1,1,1,0,0,PROMOTE
smash bros,2911,0.94,2,0,0,0,0,0,REJECT (no coverage)
smash bros series,2911,0.98,1,0,0,0,0,0,REJECT (no coverage)
smoke buddy,124287,0.8181818181818182,1,0,0,0,0,0,REJECT (no coverage)
smooth move,52007,0.8571428571428571,1,1,1,0.914856882358379,0,0,PROMOTE
snap pullover,4390,1,1,1,0.3079033201523544,0.3269563644556953,0,0,PROMOTE
snap shirt,4987,0.8484848484848485,1,0,0,0,0,0,REJECT (no coverage)
sojos small,31777,1,1,0,0,0,0,0,REJECT (no coverage)
solar yellow,274,0.92,1,0,0,0,0,0,REJECT (no coverage)
sonicwall tz300,166097,0.8,1,1,1,1,0,0,PROMOTE
sony fe,4947,0.8157894736842105,1,0,0,0,0,0,REJECT (no coverage)
spa house,13043,1,1,0,0,0,0,0,REJECT (no coverage)
spa house slippers,13043,1,1,0,0,0,0,0,REJECT (no coverage)
space gray,3147,0.94,2,0,0,0,0,0,REJECT (no coverage)
space marine,9557,0.8125,1,0,0,0,0,0,REJECT (no coverage)
sperry women,23091,1,1,0,0,0,0,0,REJECT (no coverage)
spice deodorant,38838,1,1,0,0,0,0,0,REJECT (no coverage)
spigen thin,9781,1,1,0,0,0,0,0,REJECT (no coverage)
spigen thin fit,9781,1,1,0,0,0,0,0,REJECT (no coverage)
spode christmas,47162,0.967741935483871,1,0,0,0,0,0,REJECT (no coverage)
spode christmas tree,47162,0.967741935483871,1,0,0,0,0,0,REJECT (no coverage)
sport band,3147,0.88,1,0,0,0,0,0,REJECT (no coverage)
sportswear rally,3656,1,1,0,0,0,0,0,REJECT (no coverage)
spyderco byrd,52830,0.8823529411764706,1,0,0,0,0,0,REJECT (no coverage)
spyderco byrd meadowlark,52830,1,1,0,0,0,0,0,REJECT (no coverage)
st dalfour,126360,0.8125,1,0,0,0,0,0,REJECT (no coverage)
st ives,6153,0.82,1,0,0,0,0,0,REJECT (no coverage)
standard of excellence,26335,0.9230769230769231,1,0,0,0,0,0,REJECT (no coverage)
standard process,14228,0.8444444444444444,1,0,0,0,0,0,REJECT (no coverage)
stanwood wind,126640,1,1,1,0.96331803895032,0.96331803895032,0,0,PROMOTE
star low,8790,1,1,0,0,0,0,0,REJECT (no coverage)
star low top,8790,1,1,0,0,0,0,0,REJECT (no coverage)
starter replacement,1062,0.8695652173913043,1,0,0,0,0,0,REJECT (no coverage)
stealth 13,47521,0.8235294117647058,1,0,0,0,0,0,REJECT (no coverage)
stein mug,56,0.8,1,0,0,0,0,0,REJECT (no coverage)
stick wall,8041,0.9,1,0,0,0,0,0,REJECT (no coverage)
stickers for popcorn,197768,0.9,1,0,0,0,0,0,REJECT (no coverage)
stori clear,95862,1,1,0,0,0,0,0,REJECT (no coverage)
stori clear plastic,95862,1,1,0,0,0,0,0,REJECT (no coverage)
straight stretch,7594,0.9722222222222222,1,0,0,0,0,0,REJECT (no coverage)
strip display,2673,0.8181818181818182,1,0,0,0,0,0,REJECT (no coverage)
strip display rail,2673,0.9,1,0,0,0,0,0,REJECT (no coverage)
summer bridge,128128,0.875,1,0,0,0,0,0,REJECT (no coverage)
sunray adjust,3656,0.9473684210526315,1,0,0,0,0,0,REJECT (no coverage)
sunray adjust 4,3656,1,1,0,0,0,0,0,REJECT (no coverage)
super colon,87927,1,1,1,1,0.7034066032439745,0,0,PROMOTE
super colon cleanse,87927,1,1,1,1,0.7034066032439745,0,0,PROMOTE
super smash,2911,0.94,1,0,0,0,0,0,REJECT (no coverage)
super smash bros,2911,0.94,1,0,0,0,0,0,REJECT (no coverage)
surprise omg,16683,0.9714285714285714,1,1,0.22009176629808014,0.45374257454118544,0,0,PROMOTE
swatch women,108290,1,1,0,0,0,0,0,REJECT (no coverage)
swiffer sweeper,101142,0.92,1,0,0,0,0,0,REJECT (no coverage)
swim shirt long,4406,0.8947368421052632,1,0,0,0,0,0,REJECT (no coverage)
swiss army,20529,0.94,1,0,0,0,0,0,REJECT (no coverage)
swiss colony,128941,1,1,1,0.7799082337019198,0.8611375561264454,0,0,PROMOTE
syringe with needle,2211,0.8,1,0,0,0,0,0,REJECT (no coverage)
t-shirt soft foam,3355,0.9444444444444444,1,0,0,0,0,0,REJECT (no coverage)
tampax pearl,42464,0.9473684210526315,1,0,0,0,0,0,REJECT (no coverage)
taylor all,8790,1,1,0,0,0,0,0,REJECT (no coverage)
taylor all star,8790,1,1,0,0,0,0,0,REJECT (no coverage)
the best card,43340,1,1,0,0,0,0,0,REJECT (no coverage)
the division 2,21180,0.8571428571428571,1,0,0,0,0,0,REJECT (no coverage)
the loom,262,1,3,0,0,0,0,0,REJECT (no coverage)
the loom boy,262,1,1,0,0,0,0,0,REJECT (no coverage)
the loom boys,262,1,1,0,0,0,0,0,REJECT (no coverage)
the perfect blonde,37525,0.8947368421052632,1,0,0,0,0,0,REJECT (no coverage)
the swiss,128941,0.8947368421052632,1,1,0.7799082337019198,0.8611375561264454,0,0,PROMOTE
therma hoodie,3656,0.9090909090909091,1,1,0.47207331052714424,0.5216414792035848,0,0,PROMOTE
thick cutting,8418,0.8461538461538461,1,0,0,0,0,0,REJECT (no coverage)
thick cutting board,8418,1,1,0,0,0,0,0,REJECT (no coverage)
thin fit,9781,0.84,1,0,0,0,0,0,REJECT (no coverage)
thin fit designed,9781,0.8974358974358975,1,0,0,0,0,0,REJECT (no coverage)
thinking putty,20628,0.9047619047619048,1,0,0,0,0,0,REJECT (no coverage)
ti 84,46484,0.84,1,0,0,0,0,0,REJECT (no coverage)
ti- 84,46484,0.84,1,0,0,0,0,0,REJECT (no coverage)
timberland men's,1469,1,1,0,0,0,0,0,REJECT (no coverage)
timberland womens,1469,1,1,0,0,0,0,0,REJECT (no coverage)
time lapse camera,142671,0.9090909090909091,1,0,0,0,0,0,REJECT (no coverage)
timex women's,5489,1,1,0,0,0,0,0,REJECT (no coverage)
to boot,184979,0.9230769230769231,1,0,0,0,0,0,REJECT (no coverage)
to boot new,184979,1,1,0,0,0,0,0,REJECT (no coverage)
to usb a,5,0.84,1,0,0,0,0,0,REJECT (no coverage)
toddler mickey,276,0.9090909090909091,1,0,0,0,0,0,REJECT (no coverage)
toddler mickey mouse,276,0.9166666666666666,1,0,0,0,0,0,REJECT (no coverage)
toddler minnie,276,1,1,0,0,0,0,0,REJECT (no coverage)
tommy jeans,7545,1,1,1,0.6489315753318465,0.6489315753318465,0,0,PROMOTE
top max,39810,0.8333333333333334,1,1,0.2900757977385809,0.24630238874072996,0,0,PROMOTE
trainer box,257,0.9411764705882353,1,1,0.16872714292220853,0.41599630237747487,0,0,PROMOTE
transformers generations,8774,0.9166666666666666,1,0,0,0,0,0,REJECT (no coverage)
transformers toys,8774,1,1,0,0,0,0,0,REJECT (no coverage)
tresemme shampoo,52546,1,1,0,0,0,0,0,REJECT (no coverage)
triple paste diaper,184473,0.9333333333333333,1,0,0,0,0,0,REJECT (no coverage)
tru-spec men's,31710,1,1,0,0,0,0,0,REJECT (no coverage)
turbo slingshock,29769,0.9444444444444444,1,0,0,0,0,0,REJECT (no coverage)
turtle beach stealth,62795,0.9166666666666666,1,0,0,0,0,0,REJECT (no coverage)
tv frames,130676,0.9333333333333333,1,1,0.6410457898283652,0.8512360941594272,0,0,PROMOTE
type cover black,4957,1,1,0,0,0,0,0,REJECT (no coverage)
ultimate sherpa,50173,0.9,1,1,0.679605484453288,0.7849818707050382,0,0,PROMOTE
ultimate sherpa throw,50173,0.9,1,1,0.679605484453288,0.7849818707050382,0,0,PROMOTE
ultimate t-shirt,3355,0.8275862068965517,1,0,0,0,0,0,REJECT (no coverage)
ultimate t-shirt soft,3355,0.8076923076923077,1,0,0,0,0,0,REJECT (no coverage)
ultra mega,6017,0.9375,1,0,0,0,0,0,REJECT (no coverage)
ume plum,38037,0.8,1,0,0,0,0,0,REJECT (no coverage)
under armour mens,487,1,1,0,0,0,0,0,REJECT (no coverage)
under armour women,487,1,1,0,0,0,0,0,REJECT (no coverage)
under armour youth,487,1,1,0,0,0,0,0,REJECT (no coverage)
unisex chuck,8790,1,1,0,0,0,0,0,REJECT (no coverage)
unisex chuck taylor,8790,1,1,0,0,0,0,0,REJECT (no coverage)
uno de,134916,0.9230769230769231,1,1,0.3126667288804499,0.9537125187088151,0,0,PROMOTE
ups system,9736,0.9565217391304348,1,0,0,0,0,0,REJECT (no coverage)
usb a cable,5,0.96,1,0,0,0,0,0,REJECT (no coverage)
v8 splash,25270,0.9285714285714286,1,0,0,0,0,0,REJECT (no coverage)
vanilla acorn,5778,0.9166666666666666,1,0,0,0,0,0,REJECT (no coverage)
vans boys,37151,1,1,0,0,0,0,0,REJECT (no coverage)
vans kids,37151,1,2,0,0,0,0,0,REJECT (no coverage)
vapormax plus,3656,1,1,1,0.305560916762982,0.6851198693323689,0,0,PROMOTE
vatpave mens,114624,1,1,0,0,0,0,0,REJECT (no coverage)
velociraptor blue,33842,1,1,0,0,0,0,0,REJECT (no coverage)
vibram five,80303,1,1,0,0,0,0,0,REJECT (no coverage)
vibram five fingers,80303,1,1,0,0,0,0,0,REJECT (no coverage)
victrola vintage,17282,1,1,0,0,0,0,0,REJECT (no coverage)
victrola vintage 3-speed,17282,1,1,0,0,0,0,0,REJECT (no coverage)
video doorbell 3,16444,1,1,0,0,0,0,0,REJECT (no coverage)
vitamin code,685,0.8823529411764706,1,1,0.32570104495038144,0.42427840936187455,0,0,PROMOTE
vitamin shoppe,22701,0.88,1,0,0,0,0,0,REJECT (no coverage)
vtech baby,13723,0.8461538461538461,1,0,0,0,0,0,REJECT (no coverage)
warmies microwavable,52303,0.9166666666666666,1,0,0,0,0,0,REJECT (no coverage)
warmies microwavable french,52303,0.9166666666666666,1,0,0,0,0,0,REJECT (no coverage)
washable markers,7031,0.8095238095238095,1,0,0,0,0,0,REJECT (no coverage)
water wow,2350,1,1,0,0,0,0,0,REJECT (no coverage)
wd gold,2039,0.9285714285714286,1,0,0,0,0,0,REJECT (no coverage)
wd purple,2039,0.8947368421052632,1,0,0,0,0,0,REJECT (no coverage)
weber grill,6918,0.8235294117647058,1,0,0,0,0,0,REJECT (no coverage)
weboost drive,95967,1,1,0,0,0,0,0,REJECT (no coverage)
wheels premium,21596,0.9090909090909091,1,0,0,0,0,0,REJECT (no coverage)
white binder,1731,0.9615384615384616,1,0,0,0,0,0,REJECT (no coverage)
white extension,3157,0.8181818181818182,2,0,0,0,0,0,REJECT (no coverage)
white extension cord,3157,0.9,2,0,0,0,0,0,REJECT (no coverage)
white sport,3147,0.8461538461538461,1,0,0,0,0,0,REJECT (no coverage)
wi-fi, 32gb,3147,0.8571428571428571,1,0,0,0,0,0,REJECT (no coverage)
wi-fi, 32gb -,3147,0.8571428571428571,1,0,0,0,0,0,REJECT (no coverage)
wikki stix,138922,0.8125,1,1,0.5309999066793252,0.7353797772725617,0,0,PROMOTE
winflo 5,3656,1,1,0,0,0,0,0,REJECT (no coverage)
wire free security,9892,0.8461538461538461,1,0,0,0,0,0,REJECT (no coverage)
witch hazel facial,130521,0.9,1,1,0.5079937796926363,0.6300426811446145,0,0,PROMOTE
with spinner wheels,1585,0.82,2,0,0,0,0,0,REJECT (no coverage)
without cruelty,150092,1,1,0,0,0,0,0,REJECT (no coverage)
without d3,10435,0.9,4,1,0.4151577146114119,0.7318317512413369,0,0,PROMOTE
without valve,5431,0.8,1,0,0,0,0,0,REJECT (no coverage)
women long johns,28738,0.8,1,0,0,0,0,0,REJECT (no coverage)
women's devotion,4199,1,1,0,0,0,0,0,REJECT (no coverage)
women's newton,4390,1,1,0,0,0,0,0,REJECT (no coverage)
women's newton ridge,4390,1,1,0,0,0,0,0,REJECT (no coverage)
women's tank,275,0.8,1,0,0,0,0,0,REJECT (no coverage)
women's ultimate t-shirt,3355,0.8636363636363636,1,0,0,0,0,0,REJECT (no coverage)
womens go,6085,0.9387755102040817,1,0,0,0,0,0,REJECT (no coverage)
womens w,3656,0.875,1,0,0,0,0,0,REJECT (no coverage)
work pant,7594,0.86,1,0,0,0,0,0,REJECT (no coverage)
works aromatherapy,21369,0.84,1,0,0,0,0,0,REJECT (no coverage)
x 1tb,4957,0.8064516129032258,1,0,0,0,0,0,REJECT (no coverage)
x 1tb console,4957,0.9090909090909091,1,0,0,0,0,0,REJECT (no coverage)
x1 carbon 7th,5575,1,1,0,0,0,0,0,REJECT (no coverage)
xbox gift,4957,1,1,1,0.29740901205864334,0.6785008044950671,0,0,PROMOTE
xbox gift card,4957,1,1,1,0.29740901205864334,0.6785008044950671,0,0,PROMOTE
xd design,124929,1,1,1,0.3667314583167897,0.5600305932318571,0,0,PROMOTE
xd design bobby,124929,1,1,1,0.3667314583167897,0.5600305932318571,0,0,PROMOTE
year home improvement,3173,1,1,0,0,0,0,0,REJECT (no coverage)
yogi tea,17790,0.84,1,0,0,0,0,0,REJECT (no coverage)
zippo lighter,15523,0.9615384615384616,1,0,0,0,0,0,REJECT (no coverage)
zoom pegasus,3656,1,1,0,0,0,0,0,REJECT (no coverage)
zoom pegasus 35,3656,1,1,0,0,0,0,0,REJECT (no coverage)
