class,key,native_count,engine_counts,counts_match,engine,mean_ms,p50_ms,p99_ms,engine_order
Q9_category_filter,Furniture / Bedroom Furniture / Beds & Headboards / Beds / Twin Beds,73,[("solr", 73), ("elasticsearch", 73), ("opensearch", 73), ("havenask", 18446744073709551615)],true,native,0.000258,0.000255,0.000343,havenask->elasticsearch->native->solr->opensearch
Q9_category_filter,Furniture / Bedroom Furniture / Beds & Headboards / Beds / Twin Beds,73,[("solr", 73), ("elasticsearch", 73), ("opensearch", 73), ("havenask", 18446744073709551615)],true,solr,10.666851966666666,10.321347,28.317273,havenask->elasticsearch->native->solr->opensearch
Q9_category_filter,Furniture / Bedroom Furniture / Beds & Headboards / Beds / Twin Beds,73,[("solr", 73), ("elasticsearch", 73), ("opensearch", 73), ("havenask", 18446744073709551615)],true,elasticsearch,17.198811966666664,16.521307,24.481588,havenask->elasticsearch->native->solr->opensearch
Q9_category_filter,Furniture / Bedroom Furniture / Beds & Headboards / Beds / Twin Beds,73,[("solr", 73), ("elasticsearch", 73), ("opensearch", 73), ("havenask", 18446744073709551615)],true,opensearch,19.6155711,20.237372,24.37328,havenask->elasticsearch->native->solr->opensearch
Q9_category_filter,Furniture / Bedroom Furniture / Beds & Headboards / Beds / Twin Beds,73,[("solr", 73), ("elasticsearch", 73), ("opensearch", 73), ("havenask", 18446744073709551615)],true,havenask,0.00010566666666666667,0.000095,0.000386,havenask->elasticsearch->native->solr->opensearch
Q9_category_filter,Furniture / Living Room Furniture / Sofas,494,[("solr", 494), ("elasticsearch", 494), ("opensearch", 494), ("havenask", 18446744073709551615)],true,native,0.0006784,0.000672,0.000831,elasticsearch->solr->havenask->opensearch->native
Q9_category_filter,Furniture / Living Room Furniture / Sofas,494,[("solr", 494), ("elasticsearch", 494), ("opensearch", 494), ("havenask", 18446744073709551615)],true,solr,10.1467602,10.013739,17.403126,elasticsearch->solr->havenask->opensearch->native
Q9_category_filter,Furniture / Living Room Furniture / Sofas,494,[("solr", 494), ("elasticsearch", 494), ("opensearch", 494), ("havenask", 18446744073709551615)],true,elasticsearch,17.96738733333333,18.371211,29.87237,elasticsearch->solr->havenask->opensearch->native
Q9_category_filter,Furniture / Living Room Furniture / Sofas,494,[("solr", 494), ("elasticsearch", 494), ("opensearch", 494), ("havenask", 18446744073709551615)],true,opensearch,15.949157633333332,15.585252,25.002765,elasticsearch->solr->havenask->opensearch->native
Q9_category_filter,Furniture / Living Room Furniture / Sofas,494,[("solr", 494), ("elasticsearch", 494), ("opensearch", 494), ("havenask", 18446744073709551615)],true,havenask,0.000053366666666666665,0.000053,0.000111,elasticsearch->solr->havenask->opensearch->native
Q5_numeric_range,average_rating>=4.5,28399,[("solr", 28399), ("elasticsearch", 28399), ("opensearch", 28399), ("havenask", 18446744073709551615)],true,native,1.3701356999999998,1.375797,1.794881,opensearch->havenask->elasticsearch->native->solr
Q5_numeric_range,average_rating>=4.5,28399,[("solr", 28399), ("elasticsearch", 28399), ("opensearch", 28399), ("havenask", 18446744073709551615)],true,solr,13.254830033333333,11.520518,41.37789,opensearch->havenask->elasticsearch->native->solr
Q5_numeric_range,average_rating>=4.5,28399,[("solr", 28399), ("elasticsearch", 28399), ("opensearch", 28399), ("havenask", 18446744073709551615)],true,elasticsearch,14.658172566666666,15.206114,19.433719,opensearch->havenask->elasticsearch->native->solr
Q5_numeric_range,average_rating>=4.5,28399,[("solr", 28399), ("elasticsearch", 28399), ("opensearch", 28399), ("havenask", 18446744073709551615)],true,opensearch,20.15363036666667,19.258524,30.266651,opensearch->havenask->elasticsearch->native->solr
Q5_numeric_range,average_rating>=4.5,28399,[("solr", 28399), ("elasticsearch", 28399), ("opensearch", 28399), ("havenask", 18446744073709551615)],true,havenask,0.0001301,0.000124,0.000271,opensearch->havenask->elasticsearch->native->solr
Q5_numeric_range,average_rating>=3,33136,[("solr", 33136), ("elasticsearch", 33136), ("opensearch", 33136), ("havenask", 18446744073709551615)],true,native,2.084809566666667,1.966501,3.297685,havenask->elasticsearch->solr->native->opensearch
Q5_numeric_range,average_rating>=3,33136,[("solr", 33136), ("elasticsearch", 33136), ("opensearch", 33136), ("havenask", 18446744073709551615)],true,solr,8.1721504,8.285928,15.233785,havenask->elasticsearch->solr->native->opensearch
Q5_numeric_range,average_rating>=3,33136,[("solr", 33136), ("elasticsearch", 33136), ("opensearch", 33136), ("havenask", 18446744073709551615)],true,elasticsearch,12.630830766666667,12.130565,17.295606,havenask->elasticsearch->solr->native->opensearch
Q5_numeric_range,average_rating>=3,33136,[("solr", 33136), ("elasticsearch", 33136), ("opensearch", 33136), ("havenask", 18446744073709551615)],true,opensearch,13.5912256,14.16206,24.471417,havenask->elasticsearch->solr->native->opensearch
Q5_numeric_range,average_rating>=3,33136,[("solr", 33136), ("elasticsearch", 33136), ("opensearch", 33136), ("havenask", 18446744073709551615)],true,havenask,0.0000631,0.000063,0.000112,havenask->elasticsearch->solr->native->opensearch
Q10_color_facet_under_category,Furniture / Bedroom Furniture / Beds & Headboards / Beds / Twin Beds,73,[],true,native,0.12250683333333333,0.121244,0.172891,havenask->opensearch->native->solr->elasticsearch
Q10_color_facet_under_category,Furniture / Bedroom Furniture / Beds & Headboards / Beds / Twin Beds,73,[],true,solr,12.810955966666667,11.545663,76.001997,havenask->opensearch->native->solr->elasticsearch
Q10_color_facet_under_category,Furniture / Bedroom Furniture / Beds & Headboards / Beds / Twin Beds,73,[],true,elasticsearch,16.1761447,16.381181,21.507534,havenask->opensearch->native->solr->elasticsearch
Q10_color_facet_under_category,Furniture / Bedroom Furniture / Beds & Headboards / Beds / Twin Beds,73,[],true,opensearch,11.342211033333333,10.126992,18.573571,havenask->opensearch->native->solr->elasticsearch
Q10_color_facet_under_category,Furniture / Bedroom Furniture / Beds & Headboards / Beds / Twin Beds,73,[],true,havenask,0.0000646,0.00006,0.000203,havenask->opensearch->native->solr->elasticsearch
Q11_lexical_title_search_NOT_correctness_gated,wood,2442,[("solr", 8191), ("elasticsearch", 8191), ("opensearch", 8191), ("havenask", 18446744073709551615)],true,native,18.540846866666666,18.580012,20.320894,opensearch->solr->elasticsearch->native->havenask
Q11_lexical_title_search_NOT_correctness_gated,wood,2442,[("solr", 8191), ("elasticsearch", 8191), ("opensearch", 8191), ("havenask", 18446744073709551615)],true,solr,9.721142533333333,10.049947,17.370354,opensearch->solr->elasticsearch->native->havenask
Q11_lexical_title_search_NOT_correctness_gated,wood,2442,[("solr", 8191), ("elasticsearch", 8191), ("opensearch", 8191), ("havenask", 18446744073709551615)],true,elasticsearch,14.124514733333333,12.872105,29.43166,opensearch->solr->elasticsearch->native->havenask
Q11_lexical_title_search_NOT_correctness_gated,wood,2442,[("solr", 8191), ("elasticsearch", 8191), ("opensearch", 8191), ("havenask", 18446744073709551615)],true,opensearch,10.660442666666667,10.050942,17.200748,opensearch->solr->elasticsearch->native->havenask
Q11_lexical_title_search_NOT_correctness_gated,wood,2442,[("solr", 8191), ("elasticsearch", 8191), ("opensearch", 8191), ("havenask", 18446744073709551615)],true,havenask,0.0000355,0.000035,0.000055,opensearch->solr->elasticsearch->native->havenask
Q11_lexical_title_search_NOT_correctness_gated,storage,1970,[("solr", 5890), ("elasticsearch", 5890), ("opensearch", 5890), ("havenask", 18446744073709551615)],true,native,18.763278800000002,18.482829,21.305866,native->opensearch->havenask->solr->elasticsearch
Q11_lexical_title_search_NOT_correctness_gated,storage,1970,[("solr", 5890), ("elasticsearch", 5890), ("opensearch", 5890), ("havenask", 18446744073709551615)],true,solr,8.2093858,7.962641,16.842492,native->opensearch->havenask->solr->elasticsearch
Q11_lexical_title_search_NOT_correctness_gated,storage,1970,[("solr", 5890), ("elasticsearch", 5890), ("opensearch", 5890), ("havenask", 18446744073709551615)],true,elasticsearch,14.704093933333333,14.002909,25.980038,native->opensearch->havenask->solr->elasticsearch
Q11_lexical_title_search_NOT_correctness_gated,storage,1970,[("solr", 5890), ("elasticsearch", 5890), ("opensearch", 5890), ("havenask", 18446744073709551615)],true,opensearch,13.084983733333333,14.143243,22.080196,native->opensearch->havenask->solr->elasticsearch
Q11_lexical_title_search_NOT_correctness_gated,storage,1970,[("solr", 5890), ("elasticsearch", 5890), ("opensearch", 5890), ("havenask", 18446744073709551615)],true,havenask,0.0001265,0.000125,0.000275,native->opensearch->havenask->solr->elasticsearch
