experiment,method,metric,n,mean,stddev,min,p10,p25,p50,p75,p90,p95,p99,max
p1d_structural_exact_entity,commerce_native,latency_ms,30,0.14345159999999998,0.08794258579621217,0.040954000000000004,0.0807663,0.0899885,0.11025099999999999,0.16577599999999998,0.24284750000000005,0.30313144999999986,0.4273567700000001,0.467315
p1d_structural_exact_entity,tantivy_standalone,latency_ms,30,1.2731522333333334,3.1952906607194724,0.072575,0.0991328,0.11567374999999999,0.1783445,0.52436575,2.1805445000000003,7.93133769999997,12.93615856,13.106428
p1d_structural_exact_entity,solr,latency_ms,30,2.4200895333333334,0.8023982788339628,1.535446,1.7010054,1.86323,2.2893584999999996,2.73189675,3.2265914,3.7863535999999978,4.918064200000002,5.205315000000001
p1d_selective_multi_attribute_structural,commerce_native,latency_ms,30,0.014683366666666668,0.009468944056787679,0.008919999999999999,0.0097265,0.0113505,0.012306,0.01375825,0.0189339,0.02321554999999998,0.05108465000000003,0.061181
p1d_selective_multi_attribute_structural,tantivy_standalone,latency_ms,30,0.6636368666666667,0.4463369222094783,0.26104999999999995,0.3065991,0.34307475,0.4082975,0.8844420000000001,1.3901772000000001,1.4808223999999999,1.70146623,1.7806689999999998
p1d_selective_multi_attribute_structural,solr,latency_ms,30,1.874599866666667,0.5524038302453873,1.272312,1.4795198999999999,1.5854845,1.7335029999999998,2.05730375,2.1922213,2.532263649999998,3.8547770600000013,4.302156
p1d_variant_scoped_structural,commerce_native,latency_ms,30,0.0397138,0.06170405006961134,0.004923,0.0085444,0.01131475,0.014974499999999998,0.017961249999999998,0.14868610000000004,0.16156145,0.2338077500000001,0.263192
p1d_variant_scoped_structural,tantivy_standalone,latency_ms,30,1.8784811,2.1132830375795715,0.180646,0.2056686,0.4536865,0.947051,2.6923684999999997,4.460209400000003,6.493324599999999,7.668107090000001,8.111163
p1d_variant_scoped_structural,solr,latency_ms,30,1.7584934333333335,0.45527016148108435,1.253357,1.379151,1.44128075,1.6174615,1.961242,2.2076448000000006,2.642765899999999,3.1102834400000003,3.243557
p1d_range_plus_structural,commerce_native,latency_ms,30,1078.3455942333333,175.6844904958719,841.2801460000001,855.8735147,866.5595579999999,1190.0935235,1219.41658275,1240.3129032,1247.58544745,1260.24635237,1263.946418
p1d_range_plus_structural,tantivy_standalone,latency_ms,30,3.3475606666666664,0.708904800313901,2.365201,2.5795380999999997,2.62452225,3.4488725000000002,4.0071414999999995,4.0698971,4.16451245,4.35091984,4.426698
p1d_range_plus_structural,solr,latency_ms,30,3.376824866666667,2.1646945596242784,1.58235,2.2863766,2.794892,3.145994,3.3292977500000003,3.4583902000000006,3.8841768499999993,11.450617650000009,14.502988
p1d_structural_plus_lexical_residual,commerce_native,latency_ms,30,11.404281133333333,11.982027203108135,0.253008,0.365103,0.9717,7.1463205,23.779519,28.8264055,32.059141299999986,34.79860905,35.032568
p1d_structural_plus_lexical_residual,tantivy_standalone,latency_ms,30,15.422003766666668,13.958567455288389,2.4051799999999997,3.2390468,6.0352575,10.8790755,22.068326000000003,38.53917940000001,46.17745245,46.97530158,47.246451
p1d_structural_plus_lexical_residual,solr,latency_ms,30,2.398171266666666,0.47314919982674075,1.3657759999999999,1.6459800000000002,2.154071,2.459717,2.6872055,2.7765856999999996,2.9009309499999993,3.4109262700000005,3.580906
p1d_structural_plus_semantic_residual,commerce_native,latency_ms,30,6.174634366666666,4.768531885028372,0.355988,0.4727815,2.5646224999999996,4.854451,11.191332,12.7505321,14.239116299999996,15.06295017,15.157005
p1d_structural_plus_semantic_residual,tantivy_standalone,latency_ms,30,6.8359328,9.125592413703302,1.0473270000000001,1.1780301,1.44305875,1.930285,8.973964,11.545848100000004,26.174871449999937,36.894215720000005,37.104388
p1d_structural_plus_semantic_residual,solr,latency_ms,30,1.9138864666666666,0.6309329830241132,0.994831,1.1894268000000001,1.3238085,1.9779710000000001,2.2005654999999997,2.5037665,2.7614284499999986,3.6163474100000013,3.8908240000000003
p1d_lexical_first,commerce_native,latency_ms,30,7.101101266666666,7.661197939829221,0.216619,1.7059069000000004,2.698091,5.4190965,6.7050072499999995,11.198883600000025,28.15636205,29.08199485,29.428671
p1d_lexical_first,tantivy_standalone,latency_ms,30,11.567771233333334,12.536726787902856,0.33827599999999997,0.8023276000000001,3.9721105000000003,9.1058025,11.905102,23.68285340000003,44.0137494,46.989012280000004,48.144218
p1d_lexical_first,solr,latency_ms,30,2.073711566666667,0.3179464188907094,1.2365080000000002,1.6850001000000001,1.856994,2.1580700000000004,2.2776435,2.4259464000000004,2.4892645499999997,2.50549721,2.5079770000000003
p1d_ambiguous_punt,commerce_native,latency_ms,30,7.280881666666667,4.926090162827943,1.322472,2.9004578000000003,3.68201,5.2247625,10.90028675,15.3393443,16.35136835,17.93183716,18.575694
p1d_ambiguous_punt,tantivy_standalone,latency_ms,30,17.84090596666666,9.174313880562798,4.037324,5.811070800000001,9.216232,18.806448,22.71042525,28.807510100000002,31.751213649999986,37.11963402,38.344235
p1d_ambiguous_punt,solr,latency_ms,30,1.8351584000000003,0.3495543894372792,0.957379,1.2924454,1.747836,1.930024,2.04020375,2.1305597,2.21617585,2.32116378,2.359913
p1d_long_tail_noisy,commerce_native,latency_ms,30,4.551902066666668,2.5643993774721023,0.356689,2.0876826000000004,2.2822612500000004,4.0534435,6.43780625,7.3483782000000035,9.4976003,9.62756083,9.659685
p1d_long_tail_noisy,tantivy_standalone,latency_ms,30,4.726870166666666,3.204571433980537,0.401639,0.4327705,2.6999085,4.0878295,6.9149192500000005,9.600285600000001,9.73876275,11.337877090000001,11.98547
p1d_long_tail_noisy,solr,latency_ms,30,1.5839554666666669,0.35767104030492763,0.870176,1.1068179,1.225491,1.723337,1.83873175,1.9400064000000001,2.0636259,2.1352220600000003,2.143222
p1d_structural_exact_entity,commerce_native,latency_ms,30,0.013068166666666665,0.004930135292844115,0.004364,0.007568400000000001,0.01003425,0.012869499999999999,0.01393375,0.020540100000000002,0.02235879999999999,0.02405569,0.024415
p1d_structural_exact_entity,tantivy_standalone,latency_ms,30,1.1806170333333335,3.1343681821983425,0.060414999999999996,0.0732614,0.08718799999999999,0.14225,0.41941175,1.4804271000000009,7.577963349999971,12.744908310000001,13.012625
p1d_structural_exact_entity,solr,latency_ms,30,1.0578518,0.24632541115535597,0.7686729999999999,0.8703133000000001,0.93426425,0.9868975,1.06843625,1.3090491000000002,1.552377549999999,1.8438842100000001,1.895171
p1d_selective_multi_attribute_structural,commerce_native,latency_ms,30,0.012746299999999997,0.004301982944146122,0.008457999999999999,0.009605099999999998,0.01007425,0.011516499999999999,0.01409275,0.018433200000000004,0.022125999999999993,0.025597,0.026466999999999997
p1d_selective_multi_attribute_structural,tantivy_standalone,latency_ms,30,0.6215814000000001,0.4518708876940632,0.231723,0.2571401,0.2953205,0.3999435,0.80046375,1.2682022000000004,1.53483135,1.60510971,1.627092
p1d_selective_multi_attribute_structural,solr,latency_ms,30,1.0330772666666665,0.5435490293456029,0.738302,0.8047350000000001,0.8487257500000001,0.912014,0.9853577499999999,1.0272834000000002,1.5039674499999978,3.1833787400000015,3.726054
p1d_variant_scoped_structural,commerce_native,latency_ms,30,0.0159286,0.0059317695016487,0.004934,0.010478100000000002,0.01212175,0.015564999999999999,0.01738525,0.0234987,0.02673844999999999,0.030233390000000002,0.030845
p1d_variant_scoped_structural,tantivy_standalone,latency_ms,30,1.648935533333333,1.7803439943671044,0.156883,0.15891570000000002,0.37825024999999995,0.7849984999999999,2.4067612499999997,4.5467327000000015,5.638136949999999,5.79294141,5.81738
p1d_variant_scoped_structural,solr,latency_ms,30,0.9173390333333333,0.20016942787246997,0.709119,0.7411473000000001,0.79269075,0.8455715,0.96204125,1.2035657000000002,1.3422378499999998,1.44890523,1.484782
p1d_range_plus_structural,commerce_native,latency_ms,30,42.25598496666667,4.105881469101749,36.844483,37.293067,38.207019249999995,44.3679995,45.23917275,46.5526635,47.57343209999999,50.32854406,51.120791
p1d_range_plus_structural,tantivy_standalone,latency_ms,30,3.0655741,0.6601341811925162,2.16206,2.3740543,2.4331395000000002,3.1221449999999997,3.6537535,3.7748981,3.8456026,4.0594585,4.145544999999999
p1d_range_plus_structural,solr,latency_ms,30,1.7995410333333335,0.3536561934683402,1.038461,1.2928519,1.4796065,1.9306100000000002,2.05079725,2.1465192,2.21185205,2.24806618,2.249997
p1d_structural_plus_lexical_residual,commerce_native,latency_ms,30,11.357895966666666,12.264728877772539,0.273464,0.33764839999999996,0.98259725,7.0064965,23.415979749999998,30.5736747,32.43311464999999,34.16662101,34.262881
p1d_structural_plus_lexical_residual,tantivy_standalone,latency_ms,30,15.803087366666668,15.039143402672117,2.018601,2.8718765,5.6680885,10.48541,22.29428575,37.62384560000002,49.84885685,51.13278259,51.390978
p1d_structural_plus_lexical_residual,solr,latency_ms,30,1.7466475666666665,0.41784246693813176,0.9944750000000001,1.1049803,1.48011125,1.8719445000000001,1.9828605,2.0541523,2.08507475,2.7088805600000008,2.95745
p1d_structural_plus_semantic_residual,commerce_native,latency_ms,30,6.1874022,4.743394514072076,0.339454,0.43258050000000003,2.8507175,4.3029005,11.553840749999999,12.371863400000002,13.988221349999996,14.96713145,15.088147
p1d_structural_plus_semantic_residual,tantivy_standalone,latency_ms,30,6.5920418666666665,9.005479907691216,1.023682,1.2229779,1.29197775,1.635428,8.9644485,11.450725000000002,25.804233899999936,36.27125763,36.287049
p1d_structural_plus_semantic_residual,solr,latency_ms,30,1.7671885666666667,0.3607113111662684,0.9801219999999999,1.2393019,1.55575025,1.842715,2.09009425,2.1365154,2.2118759999999997,2.30269222,2.330324
p1d_lexical_first,commerce_native,latency_ms,30,7.993354266666666,9.446466306942456,0.202453,1.8984727000000001,3.2196297499999997,5.265872999999999,8.4783975,13.657408500000024,29.305011699999994,39.45129939000002,43.252796000000004
p1d_lexical_first,tantivy_standalone,latency_ms,30,12.3757454,13.257187748186988,0.330393,0.8483524000000002,4.32640975,9.0386865,12.02875825,25.135794800000028,44.698491,49.72971359,51.621595
p1d_lexical_first,solr,latency_ms,30,1.8614412666666669,0.3538423795789085,0.971616,1.3776924,1.6496167499999999,1.935549,2.11128025,2.2250776,2.264457,2.3341531100000004,2.360323
p1d_ambiguous_punt,commerce_native,latency_ms,30,7.753817733333333,5.394368253530739,1.222513,2.8738389,3.61287975,5.631067,12.01346175,16.1434335,17.936030249999995,19.04565252,19.127436
p1d_ambiguous_punt,tantivy_standalone,latency_ms,30,18.092489099999998,9.77250379845152,3.848735,5.900576900000001,8.7452965,19.186559499999998,22.38377125,31.758664,34.1547407,37.55605924,38.755077
p1d_ambiguous_punt,solr,latency_ms,30,1.7982514,0.34298902145420096,0.953506,1.2758313,1.68649275,1.823261,1.9660997499999997,2.1957750000000003,2.31294865,2.34377156,2.351148
p1d_long_tail_noisy,commerce_native,latency_ms,30,4.781227433333333,2.813127322174487,0.338587,2.3026617999999996,2.524898,3.893814,6.47959575,9.4889802,9.868369099999997,10.22760464,10.267736
p1d_long_tail_noisy,tantivy_standalone,latency_ms,30,5.009872233333334,3.786133299399212,0.424738,0.4470838,2.59805575,4.348776,6.68141975,9.436418,9.562194,15.764461660000006,18.284893999999998
p1d_long_tail_noisy,solr,latency_ms,30,1.6017251666666665,0.375521797434384,0.8884500000000001,1.1604379,1.39056875,1.5692154999999999,1.901494,2.1298721,2.18319115,2.2505716700000002,2.276694
p1d_structural_exact_entity,commerce_native,latency_ms,30,0.013705333333333328,0.005138912888750004,0.004549999999999999,0.0086543,0.009950500000000001,0.013054,0.016491000000000002,0.0224499,0.022998299999999996,0.023434359999999998,0.023468
p1d_structural_exact_entity,tantivy_standalone,latency_ms,30,1.1876871666666666,3.1098225456428468,0.061023999999999995,0.0771251,0.08529,0.1434265,0.42050825,1.614737700000001,7.761355249999973,12.5470595,12.693698
p1d_structural_exact_entity,solr,latency_ms,30,0.8395031000000001,0.1540736620642419,0.6867000000000001,0.7088032000000001,0.73941225,0.796608,0.8650530000000001,0.9781294000000001,1.15382485,1.3215700800000003,1.3854710000000001
p1d_variant_scoped_structural,commerce_native,latency_ms,30,0.015036766666666668,0.005556530173081742,0.003885,0.008958200000000001,0.0114065,0.015016000000000002,0.01760975,0.0215766,0.024347999999999988,0.02707718,0.027441999999999998
p1d_variant_scoped_structural,tantivy_standalone,latency_ms,30,1.2275059333333334,1.6356915594303802,0.120091,0.16271650000000001,0.233018,0.6489565,0.9666352500000001,3.6055184000000007,4.960694699999994,6.06587495,6.136996
p1d_variant_scoped_structural,solr,latency_ms,30,0.9077251666666666,0.22065069862787942,0.7227600000000001,0.7475454,0.79201425,0.8410039999999999,0.9298745,1.1138475,1.2371392999999997,1.6691367300000004,1.82851
p1d_range_plus_structural,commerce_native,latency_ms,30,50.48710503333332,44.3152229950801,35.741936,36.6170588,37.250988,43.042569,44.67222475,48.25161490000001,58.38610359999997,219.2962649200002,283.146247
p1d_range_plus_structural,tantivy_standalone,latency_ms,30,3.1663099333333333,0.8450118772593115,2.259369,2.347816,2.4034725,3.3206485,3.71332575,3.8267369,4.395815549999997,5.38932575,5.653987
p1d_range_plus_structural,solr,latency_ms,30,1.6773505333333332,0.32992419412623203,0.9999399999999999,1.056489,1.48713125,1.794923,1.8577910000000002,1.9995711999999999,2.06801685,2.22997163,2.295121
p1d_structural_plus_lexical_residual,commerce_native,latency_ms,30,12.192765333333334,12.396603393525865,0.278173,0.4026926,3.63288775,7.7850395,24.88577675,31.0299696,33.79059454999998,36.143357280000004,36.188095000000004
p1d_structural_plus_lexical_residual,tantivy_standalone,latency_ms,30,15.5694442,14.329696004835876,2.02069,3.2557105,4.48768825,10.765653499999999,22.673875250000002,38.284882400000015,47.193760299999994,47.7299247,47.83826
p1d_structural_plus_lexical_residual,solr,latency_ms,30,1.6796954666666664,0.35191154494381144,0.833571,1.1151283,1.445632,1.8093185,1.94560975,1.9851555,2.07886105,2.1034753800000003,2.1102260000000004
p1d_structural_plus_semantic_residual,commerce_native,latency_ms,30,6.291756599999999,4.683507435562227,0.348196,0.45963850000000006,2.9047465,4.3578795,11.7219105,12.4840481,13.773459599999997,14.60669933,14.671752999999999
p1d_structural_plus_semantic_residual,tantivy_standalone,latency_ms,30,6.5478567,9.321194243253244,1.147759,1.212844,1.36256625,1.6749785,8.293955,10.8148873,25.231067599999932,38.49421121,39.290276
p1d_structural_plus_semantic_residual,solr,latency_ms,30,1.7083212666666665,0.6816518953998458,0.912288,1.2069619,1.377542,1.6870265,1.77533625,1.9687620000000001,2.348581899999999,4.160718050000002,4.819179
p1d_lexical_first,commerce_native,latency_ms,30,6.883186066666667,7.5266522869886705,0.187308,1.6406403,2.69719825,5.007783,6.402111,11.106634400000026,27.990574249999998,28.12869852,28.143724
p1d_lexical_first,tantivy_standalone,latency_ms,30,11.225811766666665,12.39204047061961,0.329191,0.7784545,3.5789507499999997,8.91911,11.09054525,24.34425160000003,42.81232105,46.50682965000001,47.997086
p1d_lexical_first,solr,latency_ms,30,1.5140228333333332,0.3293147471800824,0.8033060000000001,1.0563627,1.4122625,1.5941960000000002,1.725463,1.8078470000000002,1.97207095,2.05687955,2.083155
p1d_ambiguous_punt,commerce_native,latency_ms,30,7.1379931333333335,4.949691739042131,1.2019140000000001,2.8752899000000007,3.536525,5.089383,10.430292000000001,16.1688479,16.2490305,17.808340760000004,18.421243
p1d_ambiguous_punt,tantivy_standalone,latency_ms,30,17.5099926,9.263592849182457,3.807534,5.6032647,8.4727515,18.665022,20.599808000000003,28.9324386,32.22175739999999,37.66240115,39.162271
p1d_ambiguous_punt,solr,latency_ms,30,1.5553539666666667,0.2970688823757284,0.856482,1.1054266,1.47199475,1.582484,1.7513782500000001,1.8565478,1.89252065,2.0745623400000004,2.146237
p1d_long_tail_noisy,commerce_native,latency_ms,30,4.297320166666666,2.421466686321601,0.307376,2.0341258,2.3165985,3.7066235,6.08287875,7.171295200000003,9.01608585,9.226379210000001,9.278971
p1d_long_tail_noisy,tantivy_standalone,latency_ms,30,4.423752733333333,3.073446252703441,0.360855,0.4056141,2.61000625,3.7919080000000003,6.364967,9.0455877,9.2335427,11.138883610000002,11.89407
p1d_long_tail_noisy,solr,latency_ms,30,1.2086993333333331,0.29640756858319645,0.787632,0.8451426000000001,0.9301835,1.206153,1.4837485,1.6149291000000001,1.6624678,1.69536437,1.7072100000000001
p1d_structural_exact_entity,commerce_native,latency_ms,30,0.019548633333333336,0.01493880963610147,0.005575999999999999,0.009834500000000001,0.01184775,0.0171085,0.020879750000000002,0.029056900000000007,0.03464359999999999,0.07362876000000004,0.08886999999999999
p1d_structural_exact_entity,tantivy_standalone,latency_ms,30,1.3304274333333335,3.5183489946977597,0.072509,0.0852668,0.10686725,0.15383249999999998,0.4636245,1.684351000000001,8.16144054999997,14.532207990000002,15.191108
p1d_structural_exact_entity,solr,latency_ms,30,0.7661344000000002,0.18140084479113633,0.580092,0.6271662,0.666915,0.7135184999999999,0.78262575,0.9744907000000002,1.1366114999999994,1.35532881,1.414173
p1d_variant_scoped_structural,commerce_native,latency_ms,30,0.018996633333333332,0.009022472669275096,0.005004,0.010485900000000001,0.01404775,0.017053,0.02108,0.029049000000000002,0.03331879999999998,0.04512163000000001,0.048674999999999996
p1d_variant_scoped_structural,tantivy_standalone,latency_ms,30,1.3182765666666667,1.7188978000551176,0.139835,0.1860704,0.2513345,0.6704095000000001,1.19006575,3.9606403,5.013509799999996,6.415180610000001,6.740877
p1d_variant_scoped_structural,solr,latency_ms,30,0.9334528999999997,0.2267487879714176,0.6721560000000001,0.7260177000000001,0.78012075,0.8811884999999999,0.9948007499999999,1.2040706,1.2942284999999996,1.5944885200000003,1.687727
p1d_range_plus_structural,commerce_native,latency_ms,30,44.017347,17.536237064627905,32.032689000000005,32.2006739,32.78000325,41.1940235,42.88931725,57.26912150000005,91.11865024999999,95.50705421,96.41387
p1d_range_plus_structural,tantivy_standalone,latency_ms,30,3.402662166666667,0.7812126177086351,2.477835,2.5425749,2.59955425,3.3883289999999997,4.1738972500000004,4.3842603,4.450799399999999,4.5922196600000005,4.629991
p1d_range_plus_structural,solr,latency_ms,30,1.652848966666667,0.2618306687013289,0.862997,1.2677173,1.5448795000000002,1.7325105,1.83810575,1.8745659000000001,1.9181257,1.97004074,1.9872359999999998
p1d_structural_plus_lexical_residual,commerce_native,latency_ms,30,11.175542733333334,11.089501783041111,0.279272,0.46221470000000003,3.4466170000000003,7.092271,12.9330335,28.206169000000003,29.864106,35.199880500000006,37.376664
p1d_structural_plus_lexical_residual,tantivy_standalone,latency_ms,30,16.7108625,14.184279056532505,2.036265,3.1406309,4.829518500000001,13.2396225,28.46837825,34.441015300000004,41.76277489999997,49.111031600000004,50.043515
p1d_structural_plus_lexical_residual,solr,latency_ms,30,1.4907683,0.2799195048817637,0.813361,1.0605426999999998,1.3630455,1.5812515,1.6874770000000001,1.7263587999999999,1.7488945499999997,1.85788782,1.9009649999999998
p1d_structural_plus_semantic_residual,commerce_native,latency_ms,30,6.004931266666667,4.608953773355937,0.369653,0.4853767,2.6308612499999997,4.182487500000001,10.615586999999998,11.753362900000003,13.256134349999995,15.76677925,16.401611
p1d_structural_plus_semantic_residual,tantivy_standalone,latency_ms,30,6.717482766666667,9.257236331610555,0.997169,1.2476659,1.340024,1.7639365,9.44748625,11.429736100000003,25.600809999999935,37.916545930000005,38.775115
p1d_structural_plus_semantic_residual,solr,latency_ms,30,1.3611045666666668,0.3183917256737295,0.798986,0.9410807,1.1306237499999998,1.330791,1.6322155,1.7788177,1.8099945,1.90957291,1.942175
p1d_lexical_first,commerce_native,latency_ms,30,6.941747899999999,7.473974686664198,0.220413,1.6026175,2.5778294999999996,5.23562,6.5131695,10.822691300000027,27.6027435,28.25720043,28.437213
p1d_lexical_first,tantivy_standalone,latency_ms,30,11.334171099999999,12.233290379198294,0.32183199999999995,0.7994096000000002,4.0757735,8.9629945,11.4980625,24.03217930000003,43.1315548,45.535048630000006,46.494529
p1d_lexical_first,solr,latency_ms,30,2.3926784666666667,4.346775548132763,0.7934129999999999,0.9908541,1.36177425,1.5143,1.6756739999999999,1.7683492,4.4917413499999865,19.536337030000016,24.805548
p1d_ambiguous_punt,commerce_native,latency_ms,30,7.4613498666666676,5.204860328381267,1.126781,3.1009038,3.8342865,5.077058,10.37354625,16.2136503,17.743989499999994,19.21418567,19.403548999999998
p1d_ambiguous_punt,tantivy_standalone,latency_ms,30,17.846350466666667,9.365929164724415,3.868059,6.3639817,9.28024125,19.0547655,21.15469025,29.043022000000004,33.698813849999986,37.690877390000004,38.411617
p1d_ambiguous_punt,solr,latency_ms,30,1.4904420666666667,0.3379693854439699,0.7533559999999999,0.9311211,1.2980945,1.6005340000000001,1.6990115000000001,1.8101250000000002,1.8253454,1.9912238900000003,2.0544320000000003
p1d_long_tail_noisy,commerce_native,latency_ms,30,4.434210800000001,2.5719540253965016,0.332668,1.8739916,2.4367425000000003,3.636294,6.2286585,7.814928100000003,9.30514745,9.66923803,9.785613
p1d_long_tail_noisy,tantivy_standalone,latency_ms,30,4.619008733333333,3.164513147555113,0.338441,0.5211247,2.6831227500000003,4.003082000000001,6.769107249999999,9.3936719,9.796865049999997,11.152370720000002,11.605041
p1d_long_tail_noisy,solr,latency_ms,30,1.1148341000000002,0.23650457881597284,0.730043,0.8643622000000001,0.91793925,1.084654,1.30536575,1.4364457000000002,1.4669945,1.5836460500000002,1.630265
p1d_structural_exact_entity,commerce_native,latency_ms,30,0.017218300000000002,0.008897295401335211,0.005246000000000001,0.007753800000000001,0.01267325,0.0150785,0.01826,0.027915200000000005,0.029853249999999998,0.04355147000000002,0.049107000000000005
p1d_structural_exact_entity,tantivy_standalone,latency_ms,30,1.2198352666666668,3.061029778439252,0.06944499999999999,0.08804479999999999,0.106626,0.1815735,0.49195774999999997,1.8188553000000005,7.604867299999972,12.368128850000002,12.475352
p1d_structural_exact_entity,solr,latency_ms,30,1.4989270333333335,0.6206764514254052,0.806162,0.9853357,1.093173,1.3684310000000002,1.64976275,2.0656002000000004,2.7399069499999964,3.4198762400000002,3.474119
p1d_variant_scoped_structural,commerce_native,latency_ms,30,0.0147762,0.004932863632191052,0.004203,0.010247700000000002,0.011352250000000001,0.0139595,0.01812175,0.0211924,0.023417999999999994,0.02430624,0.024522
p1d_variant_scoped_structural,tantivy_standalone,latency_ms,30,1.2524377666666668,1.5954831050448746,0.13250299999999998,0.18218460000000003,0.246304,0.719467,0.96002825,3.8713265000000003,4.855328049999995,5.810458420000001,5.878348
p1d_variant_scoped_structural,solr,latency_ms,30,1.5589887666666669,0.2768203652912447,1.076202,1.2663391,1.3618545,1.552485,1.75959525,1.9114772,1.9893164999999997,2.1851862100000004,2.239547
p1d_range_plus_structural,commerce_native,latency_ms,30,30.273524733333332,1.2530758507697255,28.833866,29.2414396,29.621997500000003,29.873698,30.51965825,31.8982186,32.63129969999999,34.31545527,34.783236
p1d_range_plus_structural,tantivy_standalone,latency_ms,30,3.1259602333333336,0.676159722487973,2.216859,2.4337681,2.483407,3.099568,3.69885325,3.8078056,3.91762135,4.37803185,4.563584
p1d_range_plus_structural,solr,latency_ms,30,1.6596535333333333,0.3858980444295272,0.909384,1.0422557,1.3042142499999998,1.7968225,1.93347125,2.0578196,2.08974515,2.18623141,2.220066
p1d_structural_plus_lexical_residual,commerce_native,latency_ms,30,11.715474533333333,11.829495922342343,0.264322,0.4079044,3.5635975,7.244555,12.96291375,29.6005513,34.03147894999998,37.20824478,37.267468
p1d_structural_plus_lexical_residual,tantivy_standalone,latency_ms,30,16.58996706666667,14.289391454092973,2.076703,3.1804414000000003,4.35367225,13.146300499999999,27.95542325,34.7203594,43.216418999999966,49.09287138,49.203297
p1d_structural_plus_lexical_residual,solr,latency_ms,30,3.9973240666666667,7.375653697943736,1.003145,1.4899267,1.81716575,2.0784605000000003,3.0901722499999997,3.6534458,10.053817449999968,33.365127620000024,40.80549
p1d_structural_plus_semantic_residual,commerce_native,latency_ms,30,6.2928543999999995,4.930256710802596,0.350452,0.44942730000000003,2.5669697499999997,4.557809499999999,11.2133505,13.7295602,14.427695,14.53379566,14.574959999999999
p1d_structural_plus_semantic_residual,tantivy_standalone,latency_ms,30,6.744495266666666,9.493148552930725,0.9697370000000001,1.1587311,1.2975349999999999,1.91885,8.439359,12.907931800000002,27.409240099999934,38.48485447,38.854911
p1d_structural_plus_semantic_residual,solr,latency_ms,30,1.6597693999999996,0.39463417008961255,0.874841,1.0932597000000002,1.461228,1.6935164999999999,1.9690797500000001,2.0714882,2.211733249999999,2.32509546,2.332411
p1d_lexical_first,commerce_native,latency_ms,30,5.927329633333333,7.354595439574313,0.227099,0.7591513000000001,1.64404675,3.4529275,6.740284,10.294836000000023,26.26448605,26.7762602,26.804802
p1d_lexical_first,tantivy_standalone,latency_ms,30,11.865501599999998,14.256270435970439,0.337228,0.8248633000000002,3.60385675,9.5995435,11.189366,23.542835100000033,43.35881165,58.09108732000002,64.013958
p1d_lexical_first,solr,latency_ms,30,1.9543752000000003,1.420803298938883,0.969704,1.1701153,1.57508675,1.7868425000000001,1.93335675,2.0528015,2.2116876999999993,7.269773240000005,9.284358
p1d_ambiguous_punt,commerce_native,latency_ms,30,6.346958799999999,4.822420410937318,0.70548,2.0600281,3.15484825,4.0619879999999995,8.99433225,14.8909414,15.365132299999999,17.237256470000002,17.947715
p1d_ambiguous_punt,tantivy_standalone,latency_ms,30,17.357275399999995,8.993256170822404,4.678181,6.367769,8.509538,18.31699,21.027214750000002,28.4703876,31.232889049999986,37.33448072,38.927749999999996
p1d_ambiguous_punt,solr,latency_ms,30,1.8773054999999996,0.777144467579593,0.952726,1.1274452000000001,1.57830775,1.7521970000000002,1.9431079999999998,2.208135700000002,3.722499049999997,4.367886820000001,4.437615
p1d_long_tail_noisy,commerce_native,latency_ms,30,3.3336898666666666,2.3642836399208305,0.32753699999999997,0.9296101,1.25992625,2.4875365,4.693316749999999,6.7397651000000005,7.678435499999999,8.272677680000001,8.440822
p1d_long_tail_noisy,tantivy_standalone,latency_ms,30,4.5397568333333345,3.234980655100792,0.397519,0.45232390000000006,2.47105375,3.7304190000000004,6.5119175,9.101365399999999,10.222416749999994,11.47136446,11.613704
p1d_long_tail_noisy,solr,latency_ms,30,1.2294279,0.23211690303503502,0.81785,0.9704481,1.034057,1.2367,1.40741,1.5594729,1.5976355999999998,1.61357084,1.616791
